vocalize airport02_creshendo03	It's down! Let's go!	player\survivor\voice\teengirl\worldairport0209.wav
vocalize airport02_creshendoCrane	Get ready, guys. Here we go.	player\survivor\voice\teengirl\worldhospitalgeneric03.wav
vocalize Airport03FirePathClearX	The path is clear!	player\survivor\voice\teengirl\worldairport0308.wav
vocalize airport04_08b	They must have been trying to stop the infection from spreading.	player\survivor\voice\teengirl\worldairport0413.wav
vocalize airport04_08c	They must have been trying to stop the infection from spreading.	player\survivor\voice\teengirl\worldairport0413.wav
vocalize airport04_08d	Right...	player\survivor\voice\teengirl\uncertain12.wav
vocalize BounceReaction	Yeah... yeah, I'm ready to bounce.	player\survivor\voice\teengirl\answerready05.wav
vocalize BridgeCrossAlert	We're good to go! Come on!	player\survivor\voice\teengirl\pathclear02.wav
vocalize BridgeCrossAlertFarm03	We're good to go! Come on!	player\survivor\voice\teengirl\pathclear02.wav
vocalize C7M1_saferoom02	Yeah, or Bill'll leave you behind.	player\survivor\voice\teengirl\c6dlc3intro01.wav
vocalize C7M1_saferoom09b	Whatever.	player\survivor\voice\teengirl\c6dlc3intro06.wav
vocalize C7M1_saferoom10a	Sure. Whatever.	player\survivor\voice\teengirl\c6dlc3intro10.wav
vocalize C7M1_saferoom11	Those people still dead?	player\survivor\voice\teengirl\c6dlc3intro12.wav
vocalize C7M1_saferoom15a	Sure. It's the rest of the world we can just let die.	player\survivor\voice\teengirl\c6dlc3intro14.wav
vocalize C7M1_saferoom18	I'd like to put it to a vote that maybe we shouldn't go rot on an island in the middle of nowhere, and actually, you know, help everybody else fight the zombies?	player\survivor\voice\teengirl\c6dlc3intro15.wav
vocalize C7M1_saferoom19a	Louis, you of all people should understand.	player\survivor\voice\teengirl\c6dlc3intro17.wav
vocalize C7M1_saferoom20a	How can you be sure?	player\survivor\voice\teengirl\c6dlc3intro18.wav
vocalize C7M1_saferoom23	Great maybe we can meet some new people and leave them behind.	player\survivor\voice\teengirl\c6dlc3intro23.wav
vocalize c7m1opentankdoorspeakteengirl	Get ready to fight this tank.	player\survivor\voice\teengirl\c6dlc3openingdoor01.wav
vocalize C7M2_saferoom01	I really don't want to hear it.	player\survivor\voice\teengirl\c6dlc3firstsaferoom01.wav
vocalize C7M2_saferoom01b	Bill, I'm not ready to give up on everything yet.	player\survivor\voice\teengirl\c6dlc3firstsaferoom02.wav
vocalize C7M2_saferoom02a	Bill, I'm not ready to give up on everything yet.	player\survivor\voice\teengirl\c6dlc3firstsaferoom02.wav
vocalize C7M2_saferoom05b	Because, Francis... hey, yeah, what the hell, Bill?	player\survivor\voice\teengirl\c6dlc3firstsaferoom03.wav
vocalize C7M3_saferoom004b	Ohhhh. Boo.	player\survivor\voice\teengirl\c6dlc3secondsaferoom01.wav
vocalize C7M3_saferoom005	A month ago? I would have picked ten zombie movies. Now? Like, ten documentaries on how to build shelter, catch food and make toilet paper.	player\survivor\voice\teengirl\c6dlc3secondsaferoom03.wav
vocalize C7M3_saferoom006c	No more human race...	player\survivor\voice\teengirl\c6dlc3secondsaferoom05.wav
vocalize C7M3_saferoom007	In most movies they sink.	player\survivor\voice\teengirl\c6dlc3secondsaferoom06.wav
vocalize C7M3_saferoom007a	I think that means we're safe.	player\survivor\voice\teengirl\c6dlc3secondsaferoom07.wav
vocalize C7M3_saferoom007b	I think that means we're safe.	player\survivor\voice\teengirl\c6dlc3secondsaferoom07.wav
vocalize C7M3_saferoom016	That's the spirit, Louis!	player\survivor\voice\teengirl\c6dlc3secondsaferoom08.wav
vocalize C7M3_saferoom016c	I hate putting the lotion in the basket.	player\survivor\voice\teengirl\c6dlc3secondsaferoom10.wav
vocalize ConceptBlock027	I hate putting the lotion in the basket.	player\survivor\voice\teengirl\c6dlc3secondsaferoom10.wav
vocalize ConceptBlock032	Hey! Jerkass. Why don't you just open the goddamn door?	player\survivor\voice\teengirl\worldsmalltown03npc03.wav
vocalize ConceptBlock035	What?	player\survivor\voice\teengirl\genericresponses02.wav
vocalize ConceptBlock037	What a dick.	player\survivor\voice\teengirl\worldairport05npc07.wav
vocalize ConceptBlock052	What?	player\survivor\voice\teengirl\genericresponses02.wav
vocalize ConceptBlock519	Hello!	player\survivor\voice\teengirl\scenariojoin12.wav
vocalize ConceptBlock538	Let's go.	player\survivor\voice\teengirl\answerready04.wav
vocalize ConceptBlock585	Hello!	player\survivor\voice\teengirl\scenariojoin12.wav
vocalize ConceptBlock620	You're an optimist. I'll give you that, Louis.	player\survivor\voice\teengirl\generic15.wav
vocalize ConceptBlock622	What?	player\survivor\voice\teengirl\genericresponses02.wav
vocalize ConceptBlock643	Oops, sorry.	player\survivor\voice\teengirl\sorry13.wav
vocalize ConceptBlock647	Game over, man! Game over!	player\survivor\voice\teengirl\genericresponses37.wav
vocalize ConceptBlock649	[Short laugh]	player\survivor\voice\teengirl\laughter20.wav
vocalize ConceptBlock654	So um... yeah.	player\survivor\voice\teengirl\worldhospital0401.wav
vocalize ConceptBlock657	Louis!	player\survivor\voice\teengirl\namelouis10.wav
vocalize ConceptBlock661	[Hearty laugh]	player\survivor\voice\teengirl\laughter11.wav
vocalize ConceptBlock662	[Laugh]	player\survivor\voice\teengirl\positivenoise02.wav
vocalize crashcourse01_path01zresp	He was a ZOMBIE, Francis!	player\survivor\voice\teengirl\dlc2misc03.wav
vocalize CrashCourseI01	It's worth a shot.	player\survivor\voice\teengirl\dlc2m2saferoom04.wav
vocalize CrashCourseR01	Yeah. Birds are dicks.	player\survivor\voice\teengirl\dlc2birdhate01.wav
vocalize CrashCourseR03	Okay, you know what? He was a zombie. ZOMBIE, ZOMBIE, ZOMBIE. Not a pilot. He was a ZOMBIE, Francis!	player\survivor\voice\teengirl\dlc2misc05.wav
vocalize CrashCourseR06	Canada? Francis, we're in Pennsylvania.	player\survivor\voice\teengirl\dlc2riverside01.wav
vocalize CrashCourseR10	Heh. Farting.	player\survivor\voice\teengirl\dlc2gastanks03.wav
vocalize CrashCourseR11	Unless it's Lasagna Mondays. I love lasagna.	player\survivor\voice\teengirl\dlc2bulletinboard02.wav
vocalize CrashCourseR12	Man, I love steam.	player\survivor\voice\teengirl\dlc2steam01.wav
vocalize CrashCourseR14	Zombie, Francis! He. Was. A. ZOMBIE!	player\survivor\voice\teengirl\dlc2misc07.wav
vocalize CrashFinaleGeneratorBreakSpk	POWER'S OUT!	player\survivor\voice\teengirl\dlc2m2finalebreak101.wav
vocalize CrashFinaleTruckReadySpk	The truck's down! Get in!	player\survivor\voice\teengirl\dlc2m2finaletruckdown01.wav
vocalize CrashFinaleTruckResp01	That lift's not going anywhere until we power up the generator.	player\survivor\voice\teengirl\dlc2m2finalesetup02.wav
vocalize CrashFinaleTruckResp02	I want that truck.	player\survivor\voice\teengirl\dlc2m2directional08.wav
vocalize elevator_conversation	I can't get over how fast they all are. It's not even fair! I'm calling zombie bullshit on that, you know? They're not allowed to be so fast.	player\survivor\voice\teengirl\generic26.wav
vocalize FrancisSuggestsCrane	Good thinking, Francis!	player\survivor\voice\teengirl\worldairport0230.wav
vocalize HowitzerBurnEnd00	The fire's out!	player\survivor\voice\teengirl\dlc2m1gunend01.wav
vocalize HowitzerBurnEnd02	Everybody across the bridge!	player\survivor\voice\teengirl\dlc2m1gunend02.wav
vocalize InfoReminfo_powerboat4	Francis, do you even know what a sail boat looks like?	player\survivor\voice\teengirl\c6dlc3otherboats03.wav
vocalize IntroAirport	That plane's headed right for the airport. Maybe they're still evacuating.	player\survivor\voice\teengirl\worldairportintro04.wav
vocalize IntroAirport01zb	We can't stay up here forever.	player\survivor\voice\teengirl\worldairportintro07.wav
vocalize IntroCrashR01	*sigh* Do you HATE them?	player\survivor\voice\teengirl\dlc2intro06.wav
vocalize IntroCrashR07	You what? [real concern] Francis, are you alright?	player\survivor\voice\teengirl\dlc2intro08.wav
vocalize IntroCrashR09	Seconded. What the hell?	player\survivor\voice\teengirl\dlc2intro07.wav
vocalize IntroCrashR10	Well, boys, I guess we're walking.	player\survivor\voice\teengirl\dlc2intro10.wav
vocalize IntroCrashR11	The shitty pilot store?	player\survivor\voice\teengirl\dlc2intro05.wav
vocalize IntroCrashR19	He turned into a zombie, Francis! He wasn't gonna LAND the thing!	player\survivor\voice\teengirl\dlc2intro01.wav
vocalize IntroCrashR28	He was a ZOMBIE, Francis!	player\survivor\voice\teengirl\dlc2misc03.wav
vocalize IntroCrashR33	Well, boys, I guess we're walking.	player\survivor\voice\teengirl\dlc2intro10.wav
vocalize IntroCrashR34	A zombie chopper pilot? UGH! You have GOT to be kidding me! We were almost home free, damn it!	player\survivor\voice\teengirl\dlc2intro03.wav
vocalize IntroCrashR35	OK, important safety tip: don't get in a helicopter with a zombie pilot.	player\survivor\voice\teengirl\dlc2intro02.wav
vocalize IntroCrashR39	You're an optimist. I'll give you that, Louis.	player\survivor\voice\teengirl\generic15.wav
vocalize IntroCrashWalking	Well, boys, I guess we're walking.	player\survivor\voice\teengirl\dlc2intro10.wav
vocalize IntroHospital02	Well, I guess we're going to the hospital.	player\survivor\voice\teengirl\worldhospitalintro01.wav
vocalize IntroSmalltown	I heard the military was holding out in Riverside.	player\survivor\voice\teengirl\worldsmalltown0103.wav
vocalize IntroSmalltown2	Unless anyone has a better plan, I say we head there.	player\survivor\voice\teengirl\worldsmalltownintro04.wav
vocalize LaughFrancis	Francis!	player\survivor\voice\teengirl\namefrancis14.wav
vocalize NamVetWhoAreYou	Bill, it's Zoey!	player\survivor\voice\teengirl\genericresponses21.wav
vocalize PlayerSuggestHealthBiker	C'mon man, use your first aid kit.	player\survivor\voice\teengirl\suggesthealth02.wav
vocalize PlayerSuggestHealthManager	Louis, come on, patch yourself up.	player\survivor\voice\teengirl\playersuggesthealthspecific08.wav
vocalize PlayerSuggestHealthNamVet	Might be a good time for a health kit.	player\survivor\voice\teengirl\playersuggesthealth05.wav
vocalize ResponseTougherFriends	Yep.	player\survivor\voice\teengirl\yes17.wav
vocalize ResponseTwoLeftShit	Shit.	player\survivor\voice\teengirl\swear14.wav
vocalize ResponseWeCanStill	Great.	player\survivor\voice\teengirl\reactionnegativespecial11.wav
vocalize SurvivorWasPounced	Bill!	player\survivor\voice\teengirl\hunterbillpounced01.wav
vocalize TakeShotgunGroovyZoey	Groovy.	player\survivor\voice\teengirl\genericresponses32.wav
vocalize TrainUnhookedTeenGirl	Okay.	player\survivor\voice\teengirl\nicejob51.wav