vocalize airport04_08a	What'd I tell ya?  They tried to stop people from leaving.	player\survivor\voice\namvet\worldairport0402.wav
vocalize airport04_08c	Christ almighty...	player\survivor\voice\namvet\violenceawe08.wav
vocalize BridgeCrossAlert	Cross the bridge! Go go go!	player\survivor\voice\namvet\worldfarmhouse0414.wav
vocalize Bridgegogogo	Go go go	player\survivor\voice\namvet\emphaticgo01.wav
vocalize C7M1_saferoom01a	Shut up, Francis.	player\survivor\voice\namvet\c6dlc3intro02.wav
vocalize C7M1_saferoom03	Nope. Gotta be a sail boat.	player\survivor\voice\namvet\c6dlc3intro05.wav
vocalize C7M1_saferoom03b	I ain't stoppin' the boat every 15 minutes to go look for gas.	player\survivor\voice\namvet\c6dlc3intro06.wav
vocalize C7M1_saferoom04a	'Cause we ain't stoppin' for gas.	player\survivor\voice\namvet\c6dlc3intro08.wav
vocalize C7M1_saferoom04b	You know who runs around filling up things with gas? Idiots.	player\survivor\voice\namvet\c6dlc3intro09.wav
vocalize C7M1_saferoom05a	You know who runs around filling up things with gas? Idiots.	player\survivor\voice\namvet\c6dlc3intro09.wav
vocalize C7M1_saferoom06a	That's not a sailboat.	player\survivor\voice\namvet\c6dlc3intro12.wav
vocalize C7M1_saferoom06b	And it's on fire.	player\survivor\voice\namvet\c6dlc3intro13.wav
vocalize C7M1_saferoom07	We're out of track.	player\survivor\voice\namvet\c6dlc3intro15.wav
vocalize C7M1_saferoom08	Shut up, Francis.	player\survivor\voice\namvet\c6dlc3intro16.wav
vocalize C7M1_saferoom08b	Both of you shut up.	player\survivor\voice\namvet\c6dlc3intro17.wav
vocalize C7M1_saferoom09	Zoey, I need you to trust me on this.	player\survivor\voice\namvet\c6dlc3intro18.wav
vocalize C7M1_saferoom09a	Zoey, we all made it together.  That was my plan.	player\survivor\voice\namvet\c6dlc3intro20.wav
vocalize C7M1_saferoom09b	Zoey, we're together and on our own.  That's what's important.	player\survivor\voice\namvet\c6dlc3intro19.wav
vocalize C7M1_saferoom10b	Train ride's over, you gotta focus.  This isn't gonna be easy.	player\survivor\voice\namvet\c6dlc3intro23.wav
vocalize C7M1_saferoom11a	Come on, let's move.	player\survivor\voice\namvet\c6dlc3intro27.wav
vocalize C7M1_saferoom12a	And it's on fire.	player\survivor\voice\namvet\c6dlc3intro13.wav
vocalize C7M1_saferoom12b	Shut your traps, let's move out.	player\survivor\voice\namvet\c6dlc3intro28.wav
vocalize C7M1_saferoom13a	I'll give you something to cry about, Francis.	player\survivor\voice\namvet\c6dlc3intro29.wav
vocalize C7M1_saferoom14a	I ain't stoppin' the boat every 15 minutes to go look for gas.	player\survivor\voice\namvet\c6dlc3intro06.wav
vocalize C7M1_saferoom15b	Both of you shut up.	player\survivor\voice\namvet\c6dlc3intro17.wav
vocalize C7M1_saferoom16a	I can go find a boat on my own, Francis. Why don't you go back in the train car, shut your little eyes and have a good cry?	player\survivor\voice\namvet\c6dlc3intro34.wav
vocalize C7M1_saferoom20b	Zoey.  I can't.	player\survivor\voice\namvet\c6dlc3intro39.wav
vocalize C7M1_saferoom21b	Francis, you'd have been walking the plank right now.	player\survivor\voice\namvet\c6dlc3intro41.wav
vocalize C7M1_saferoom22	It'll do you good son.	player\survivor\voice\namvet\c6dlc3intro42.wav
vocalize C7M1_saferoom23a	Zoey...  I'm not leaving any of you behind.	player\survivor\voice\namvet\c6dlc3intro44.wav
vocalize C7M1_saferoom24a	You're a regular health nut.	player\survivor\voice\namvet\c6dlc3intro45.wav
vocalize C7M1_saferoom25a	Out here, they're immune, dead or zombies.	player\survivor\voice\namvet\c6dlc3intro47.wav
vocalize c7m1opentankdoorspeakNamVet	Get ready, I'm opening the door.	player\survivor\voice\namvet\c6dlc3openingdoor02.wav
vocalize C7M2_saferoom01a	Zoey. Listen. The four of us are all that matters now.	player\survivor\voice\namvet\c6dlc3firstsaferoom02.wav
vocalize C7M2_saferoom03	Zoey.  I can't.	player\survivor\voice\namvet\c6dlc3intro39.wav
vocalize C7M2_saferoom05b	Shut up, Franc-- alright, that's not a bad idea.	player\survivor\voice\namvet\c6dlc3firstsaferoom04.wav
vocalize C7M2_saferoom06	Dammit, Zoey! We trusted CEDA! We trusted the military! And they left us to die! Do you think they'll ever let us back in? We're on our own, kid. It's high time you started actin' like it.	player\survivor\voice\namvet\c6dlc3firstsaferoom06.wav
vocalize C7M2_saferoom07	We'll find it, we'll find it.	player\survivor\voice\namvet\c6dlc3firstsaferoom07.wav
vocalize C7M2CrowsFlySpeakBiker	Shut up, Franc-- alright, that's not a bad idea.	player\survivor\voice\namvet\c6dlc3firstsaferoom04.wav
vocalize C7M3_saferoom003	Bah. Keep your computers, emails... whatever. Just give me a pen and paper.	player\survivor\voice\namvet\c6dlc3secondsaferoom01.wav
vocalize C7M3_saferoom003b	NOOOO!	player\survivor\voice\namvet\c6dlc3secondsaferoom02.wav
vocalize C7M3_saferoom003c	They didn't have electricity when I was born.	player\survivor\voice\namvet\c6dlc3secondsaferoom03.wav
vocalize C7M3_saferoom004a	They didn't have electricity when I was born.	player\survivor\voice\namvet\c6dlc3secondsaferoom03.wav
vocalize C7M3_saferoom008	NOOOO!	player\survivor\voice\namvet\c6dlc3secondsaferoom02.wav
vocalize C7M3_saferoom008a	Unless you're gonna stop eating, we're gonna need a damn big boat to hold all the supplies.	player\survivor\voice\namvet\c6dlc3secondsaferoom07.wav
vocalize C7M3_saferoom009	Yeah. A couple of 'em. We get there in one piece, we're gonna clear the island and spend the rest of our lives relaxing on the beach.	player\survivor\voice\namvet\c6dlc3secondsaferoom08.wav
vocalize C7M3_saferoom010	Damn right I know how to fish, kid.	player\survivor\voice\namvet\c6dlc3secondsaferoom09.wav
vocalize C7M3_saferoom010b	Tell you what: Once we clear the island and settle in, I'll make you a pro.	player\survivor\voice\namvet\c6dlc3secondsaferoom10.wav
vocalize C7M3_saferoom012	Cut the horseshit, Francis.	player\survivor\voice\namvet\c6dlc3secondsaferoom12.wav
vocalize C7M3_saferoom012b	They're defensible, Francis. Far as we know, zombies can't swim.	player\survivor\voice\namvet\c6dlc3secondsaferoom13.wav
vocalize C7M3_saferoom012d	Speak up, son.	player\survivor\voice\namvet\c6dlc3secondsaferoom14.wav
vocalize C7M3_saferoom012f	Noted. Let's go.	player\survivor\voice\namvet\c6dlc3secondsaferoom15.wav
vocalize C7M3_saferoom013a	Noted. Let's go.	player\survivor\voice\namvet\c6dlc3secondsaferoom15.wav
vocalize C7M3_saferoom013d	They're defensible, Francis. Far as we know, zombies can't swim.	player\survivor\voice\namvet\c6dlc3secondsaferoom13.wav
vocalize C7M3_saferoom014b	Speak up, son.	player\survivor\voice\namvet\c6dlc3secondsaferoom14.wav
vocalize C7M3_saferoom016a	Noted. Let's go.	player\survivor\voice\namvet\c6dlc3secondsaferoom15.wav
vocalize C7M3_saferoom017	Speak up, son.	player\survivor\voice\namvet\c6dlc3secondsaferoom14.wav
vocalize C7M3_saferoom017e	Noted. Let's go.	player\survivor\voice\namvet\c6dlc3secondsaferoom15.wav
vocalize C7M3FinalSpeakNamVet	They didn't have electricity when I was born.	player\survivor\voice\namvet\c6dlc3secondsaferoom03.wav
vocalize C7M3GeneratorSpeakNamVet	Get ready, this things  gonna make a racket.	player\survivor\voice\namvet\c6dlc3prestart1stgen06.wav
vocalize ConceptBlock025	Son, we're immune, we're tired, and there's infected in the damn woods. Now cut the shit and let us in!	player\survivor\voice\namvet\worldsmalltownnpcbellman01.wav
vocalize ConceptBlock028	I don't believe this shit. We're arguin' for our lives here with a damn mental moron!	player\survivor\voice\namvet\worldsmalltownnpcbellman07.wav
vocalize ConceptBlock051	What?	player\survivor\voice\namvet\genericresponses02.wav
vocalize ConceptBlock515	How ya doin'?	player\survivor\voice\namvet\revivefrienda07.wav
vocalize ConceptBlock536	Come and get us. We're good to go.	player\survivor\voice\namvet\worldsmalltownnpcboatman05.wav
vocalize ConceptBlock556	Hey!	player\survivor\voice\namvet\generic41.wav
vocalize ConceptBlock579	Hello?	player\survivor\voice\namvet\worldfarmhousenpc02.wav
vocalize ConceptBlock592	We're good to go, son.	player\survivor\voice\namvet\worldfarmhousenpc07.wav
vocalize ConceptBlock608	You are an idiot.	player\survivor\voice\namvet\genericresponses12.wav
vocalize ConceptBlock611	We're fightin' a war of attrition with a horde of brainless killing machines. I ain't exactly optimistic about our chances.	player\survivor\voice\namvet\generic44.wav
vocalize ConceptBlock639	I'll see peace back on earth if I gotta murder every one of these bastards with my bare goddamn hands.	player\survivor\voice\namvet\generic29.wav
vocalize ConceptBlock641	Damn straight.	player\survivor\voice\namvet\generic32.wav
vocalize ConceptBlock648	What the hell was that?	player\survivor\voice\namvet\uncertain01.wav
vocalize ConceptBlock653	*Humming*	player\survivor\voice\namvet\nervoushumming01.wav
vocalize ConceptBlock663	Whoa-ho-ho.	player\survivor\voice\namvet\violenceawe06.wav
vocalize ConceptBlock696	They're zombies, Francis.	player\survivor\voice\namvet\generic39.wav
vocalize ConceptBlock711	Francis, is there anything you don't hate?	player\survivor\voice\namvet\generic03.wav
vocalize ConceptBlock715	Hehh heh heh heh heh	player\survivor\voice\namvet\reactionpositive05.wav
vocalize ConceptNuttier	I don't believe this.	player\survivor\voice\namvet\worldsmalltownnpcbellman04.wav
vocalize CrashCourseR05	You know who's gonna survive this mess, Francis? It ain't the fella makin' jokes.	player\survivor\voice\namvet\generic24.wav
vocalize CrashFinaleGeneratorSpeakN	I'm gettin' too old for this horseshit.	player\survivor\voice\namvet\goingtodie05.wav
vocalize DontBeAnAss	Don't be an ass, Francis.	player\survivor\voice\namvet\generic14.wav
vocalize elevator_conversation	Even bein' in a war doesn't prepare you for this. They never stop. They come at you and come at you and they *never* goddamn *stop*.	player\survivor\voice\namvet\generic34.wav
vocalize Farm02_path01a	Damn straight.	player\survivor\voice\namvet\generic32.wav
vocalize Farm05_path07b	Settle down Francis. Just use that radio. They'll come.	player\survivor\voice\namvet\worldfarmhouse0507.wav
vocalize Farm05_path09C	The honest to God military!	player\survivor\voice\namvet\worldfarmhouse0502.wav
vocalize FarmVampiresb	They're zombies, Francis.	player\survivor\voice\namvet\generic39.wav
vocalize FrancisSuggestsCrane	Good thinking.	player\survivor\voice\namvet\genericresponses10.wav
vocalize hospital02_path03b1	Gotta find another way.	player\survivor\voice\namvet\worldhospital0209.wav
vocalize hospital02_path03c1	Going to have to go top side.	player\survivor\voice\namvet\worldhospital0211.wav
vocalize hospital04_path01a	I've smelled worse.	player\survivor\voice\namvet\worldhospital0315.wav
vocalize hospital04_path04a	Get to the elevator!	player\survivor\voice\namvet\worldhospital0413.wav
vocalize InfoRemc7m1_harborblocked01	LOUIS, the ocean doesn't flow into the river.	player\survivor\voice\namvet\c6dlc3harborblocked05.wav
vocalize InfoRemc7m2_listingtug	No Francis.	player\survivor\voice\namvet\c6dlc3otherboats03.wav
vocalize InfoRemc7m2_seebarge01	You know how to pilot this thing, Francis?	player\survivor\voice\namvet\c6dlc3seeingbigship02.wav
vocalize InfoReminfo_carnotboat	Francis, that's a car.	player\survivor\voice\namvet\c6dlc3otherboats06.wav
vocalize InfoRemInfo_powerboat	Sail boat, Francis. Sailboat.	player\survivor\voice\namvet\c6dlc3otherboats02.wav
vocalize InfoReminfo_sunkboatthere01	Francis, that boat's underwater.	player\survivor\voice\namvet\c6dlc3otherboats07.wav
vocalize InfoReminfo_trailerboat	Son, that's a trailer and you're an idiot.	player\survivor\voice\namvet\c6dlc3otherboats09.wav
vocalize InfoReminfo_trailerboatruck	Cut the horseshit, Francis.	player\survivor\voice\namvet\c6dlc3secondsaferoom12.wav
vocalize IntroAirport01bb	A C-130 is nice flying.	player\survivor\voice\namvet\worldairport0102.wav
vocalize IntroCrashR25	[Short laugh]	player\survivor\voice\namvet\laughter10.wav
vocalize IntroFarm3	We just need to find the train tracks and then follow 'em.	player\survivor\voice\namvet\worldfarmhouseintro02.wav
vocalize IntroHospital03	Good thinking.	player\survivor\voice\namvet\genericresponses10.wav
vocalize IntroSmallTown3	All right, then, let's do it.	player\survivor\voice\namvet\genericresponses09.wav
vocalize LaughFrancis	[Short laugh]	player\survivor\voice\namvet\laughter14.wav
vocalize NeedsHelpResponseLouisC2	I'm kidding. Let's go get him.	player\survivor\voice\namvet\insidesaferoom04.wav
vocalize PlayerSuggestHealthBiker	Francis, you should heal up.	player\survivor\voice\namvet\playersuggesthealthfrancis02.wav
vocalize PlayerSuggestHealthManager	Heal up, Louis.	player\survivor\voice\namvet\playersuggesthealthlouis02.wav
vocalize PlayerSuggestHealthTeenGirl	Zoey, maybe you should heal.	player\survivor\voice\namvet\playersuggesthealthzoey01.wav
vocalize ResponseTwoLeftShit	Oh shit.	player\survivor\voice\namvet\reactiondisgusted04.wav
vocalize ResponseWeCanStill	Yeah, okay, it don't mean we're married now.	player\survivor\voice\namvet\youarewelcome14.wav
vocalize RiversideIsDeadA	Christ.	player\survivor\voice\namvet\reactionnegative02.wav
vocalize RiversideIsDeadSpecial1B	What was that?	player\survivor\voice\namvet\uncertain02.wav
vocalize SurvivorWasPounced	A Hunter's on Francis!	player\survivor\voice\namvet\hunterfrancispounced03.wav
vocalize TrainUnhookedNamVet	All aboard!	player\survivor\voice\namvet\worldfarmhouse0311.wav
vocalize ZoeySuggestsCrane	Good thinking.	player\survivor\voice\namvet\genericresponses10.wav