vocalize airport03_barriera	Sounds good to me. Let's do it.	player\survivor\voice\namvet\genericresponses20.wav
vocalize AskForHealth2	Francis, buddy, you gonna use that health kit?	player\survivor\voice\namvet\playersuggesthealthspecific01.wav
vocalize C7M1_saferoom15	Zoey... Christ, kid. We come back for our own.	player\survivor\voice\namvet\c6dlc3intro30.wav
vocalize C7M1_saferoom20	If we stayed, no one would have escaped.	player\survivor\voice\namvet\c6dlc3intro38.wav
vocalize C7M2_saferoom05	I keep telling you: we're looking for a sail boat.	player\survivor\voice\namvet\c6dlc3firstsaferoom03.wav
vocalize C7M3_saferoom006	Not far at all. We find an island, make it ours. No more army, no more CEDA, no more horseshit.	player\survivor\voice\namvet\c6dlc3secondsaferoom05.wav
vocalize C7M3BridgeBreaks	Generator's stopped! Someone's gotta go down there!	player\survivor\voice\namvet\c6dlc3bridgestops03.wav
vocalize CallForRescue	Hello?	player\survivor\voice\namvet\lostcall06.wav
vocalize CrashFinaleGenerator2OnSpk	Outstanding!	player\survivor\voice\namvet\reactionpositive10.wav
vocalize CrashFinaleGenerator2Speak	Watch my back.	player\survivor\voice\namvet\coverme04.wav
vocalize CrashFinaleGeneratorSpeak	Watch my back.	player\survivor\voice\namvet\coverme04.wav
vocalize CrashFinaleGeneratorUnPressSpeak	Ah shit.	player\survivor\voice\namvet\swears16.wav
vocalize EatPills	Ah.	player\survivor\voice\namvet\painreliefsigh02.wav
vocalize elevatorShortLaugh	[Short laugh]	player\survivor\voice\namvet\laughter10.wav
vocalize EmphaticArriveRun	RUN!	player\survivor\voice\namvet\emphaticrun01.wav
vocalize EmphaticArriveRunFarm	BUG OUT!	player\survivor\voice\namvet\emphaticrun03.wav
vocalize GettingRevived	Hell, I'll live.	player\survivor\voice\namvet\gettingrevived09.wav
vocalize HealedByFriend	That wasn't necessary, but thanks.	player\survivor\voice\namvet\thanks11.wav
vocalize introFarm	Emergency band was talking about a military outpost just north a' here.	player\survivor\voice\namvet\worldfarmhouseintro01.wav
vocalize IntroFarm4	All right, then, let's do it.	player\survivor\voice\namvet\genericresponses09.wav
vocalize introHospital	We can take the subway tunnels to the hospital.  There's a redline station not far from here.	player\survivor\voice\namvet\worldhospital0112.wav
vocalize PathClearVan	Let's go, people!	player\survivor\voice\namvet\moveon12.wav
vocalize PlaneCrashResponse	Holy shit...	player\survivor\voice\namvet\violenceawe04.wav
vocalize Player.WarnMegaMobc7m201	Everyone into the chute!	player\survivor\voice\namvet\c6dlc3gravelhill07.wav
vocalize PlayerAlertGiveItem	Take this.	player\survivor\voice\namvet\alertgiveitem03.wav
vocalize PlayerAlsoWarnBoomer	BOOMER!	player\survivor\voice\namvet\warnboomer02.wav
vocalize PlayerAlsoWarnHunter	HUNTER!	player\survivor\voice\namvet\warnhunter02.wav
vocalize PlayerAlsoWarnSmoker	SMOKER!	player\survivor\voice\namvet\warnsmoker03.wav
vocalize PlayerAlsoWarnTank	TANK!	player\survivor\voice\namvet\warntank01.wav
vocalize PlayerAlsoWarnWitch	WITCH!	player\survivor\voice\namvet\warnwitch01.wav
vocalize PlayerAnswerLostCall	Mother of mercy.	player\survivor\voice\namvet\swears10.wav
vocalize PlayerAreaClear	Clear.	player\survivor\voice\namvet\areaclear01.wav
vocalize PlayerAskReady	Everyone locked and loaded?	player\survivor\voice\namvet\askready04.wav
vocalize PlayerBackUp	Back up!	player\survivor\voice\namvet\backup05.wav
vocalize PlayerChoke	[Choking]	player\survivor\voice\namvet\choke05.wav
vocalize PlayerCoverMe	Cover me.	player\survivor\voice\namvet\coverme05.wav
vocalize PlayerDeath	[Death rattle]	player\survivor\voice\namvet\deathscream02.wav
vocalize PlayerEmphaticGo	Go go go	player\survivor\voice\namvet\emphaticgo01.wav
vocalize PlayerEquippedScavengeItem	Got it.	player\survivor\voice\namvet\killconfirmation02.wav
vocalize PlayerFollowMe	I'm on point.	player\survivor\voice\namvet\followme06.wav
vocalize PlayerFriendlyFire	Who's side are you on, kid?	player\survivor\voice\namvet\friendlyfire17.wav
vocalize PlayerFriendlyFireInflictor	Ah, hell, I'm gettin too old for this shit.	player\survivor\voice\namvet\sorry11.wav
vocalize PlayerGoingToDie	I feel awful.	player\survivor\voice\namvet\goingtodie16.wav
vocalize PlayerGrabbedByTongue	no, No, NO, NOOOOOOO!!!!!!!!!	player\survivor\voice\namvet\grabbedbysmoker01a.wav
vocalize PlayerGroundPoundedByTank	It's killin' me!	player\survivor\voice\namvet\tankpound01.wav
vocalize PlayerHealing	Healin', cover me.	player\survivor\voice\namvet\coverme06.wav
vocalize PlayerHealingOther	Let me heal you up.	player\survivor\voice\namvet\healother01.wav
vocalize PlayerHelp	Help!	player\survivor\voice\namvet\help03.wav
vocalize PlayerHurrah	Nice job.	player\survivor\voice\namvet\nicejob05.wav
vocalize PlayerHurryUp	Get the lead out, people!	player\survivor\voice\namvet\hurryup05.wav
vocalize PlayerImWithYou	Right behind you.	player\survivor\voice\namvet\imwithyou02.wav
vocalize PlayerIncapacitated	I'm down!	player\survivor\voice\namvet\incapacitatedinitial04.wav
vocalize PlayerIncoming	Here they come!	player\survivor\voice\namvet\incoming01.wav
vocalize PlayerKillThatLight	Lights off!	player\survivor\voice\namvet\killthatlight09.wav
vocalize PlayerLaugh	[Hearty laugh]	player\survivor\voice\namvet\laughter04.wav
vocalize PlayerLeadOn	You're on point.	player\survivor\voice\namvet\leadon04.wav
vocalize PlayerLedgeHangEnd	I'M GONNA FALL!	player\survivor\voice\namvet\ledgehangend05.wav
vocalize PlayerLedgeHangMiddle	I need some help here.	player\survivor\voice\namvet\ledgehangmiddle02.wav
vocalize PlayerLedgeHangStart	I'm gettin' too old for this hangin' shit.	player\survivor\voice\namvet\ledgehangstart07.wav
vocalize PlayerLedgeSave	Okay, quit squirming, I gotcha. Come on, up ya go!	player\survivor\voice\namvet\ledgesave01.wav
vocalize PlayerLedgeSaveCritical	Holy shit, they took a big piece outta you, kid. If we don't find you some first aid, you're not gonna survive another hit.	player\survivor\voice\namvet\revivecriticalfriend04.wav
vocalize PlayerLook	Zoey!	player\survivor\voice\namvet\namezoey03.wav
vocalize PlayerLookHere	Louis	player\survivor\voice\namvet\namelouis03.wav
vocalize PlayerLookOut	Watch out!	player\survivor\voice\namvet\lookout03.wav
vocalize PlayerMoveOn	Let's go, people!	player\survivor\voice\namvet\moveon12.wav
vocalize PlayerNearFinale	This looks like it - we're almost out of here.	player\survivor\voice\namvet\finaleahead01.wav
vocalize PlayerNegative	Mother of mercy.	player\survivor\voice\namvet\swears10.wav
vocalize PlayerNiceJob	Good. Very Good.	player\survivor\voice\namvet\nicejob17.wav
vocalize PlayerNiceShot	Damn, now that was a shot!	player\survivor\voice\namvet\niceshot09.wav
vocalize PlayerNo	No.	player\survivor\voice\namvet\no08.wav
vocalize PlayerReviveFriend	Can you make it?	player\survivor\voice\namvet\revivefrienda03.wav
vocalize PlayerReviveFriendCritical	I can help you up, but I'm not gonna lie to ya - you're in bad shape. If we don't find you some first aid, you're not gonna survive another hit.	player\survivor\voice\namvet\revivecriticalfriend01.wav
vocalize PlayerSorry	I shouldn't have done that.	player\survivor\voice\namvet\sorry05.wav
vocalize PlayerSpotAmmo	Ammo here!	player\survivor\voice\namvet\spotammo01.wav
vocalize PlayerSpotFirstAid	First aid kit!	player\survivor\voice\namvet\spotfirstaid03.wav
vocalize PlayerSpotGrenade	Pipebomb!	player\survivor\voice\namvet\spotgrenades05.wav
vocalize PlayerSpotMolotov	Molotov over here!	player\survivor\voice\namvet\spotgrenades02.wav
vocalize PlayerSpotOtherWeapon	Weapons here!	player\survivor\voice\namvet\spotweapons01.wav
vocalize PlayerSpotPills	Pills here!	player\survivor\voice\namvet\spotpills01.wav
vocalize PlayerSpotPistol	Weapons here!	player\survivor\voice\namvet\spotweapons01.wav
vocalize PlayerSpotRifle	Weapons here!	player\survivor\voice\namvet\spotweapons01.wav
vocalize PlayerSpotShotgun	Weapons here!	player\survivor\voice\namvet\spotweapons01.wav
vocalize PlayerSpotSMG	Weapons here!	player\survivor\voice\namvet\spotweapons01.wav
vocalize PlayerSpotSniperRifle	Weapons here!	player\survivor\voice\namvet\spotweapons01.wav
vocalize PlayerStayTogether	Don't get split up.	player\survivor\voice\namvet\staytogether08.wav
vocalize PlayerTaunt	Hehheheheh	player\survivor\voice\namvet\reactionpositive07.wav
vocalize PlayerThanks	That wasn't necessary, but thanks.	player\survivor\voice\namvet\thanks11.wav
vocalize PlayerThisWay	Fall in behind me.	player\survivor\voice\namvet\followme08.wav
vocalize PlayerTonguePullStart	No, No, NO, NOOOOOOO!!!!!!!!!	player\survivor\voice\namvet\grabbedbysmoker02a.wav
vocalize PlayerToTheRescue	Hold on I'm on my way!	player\survivor\voice\namvet\totherescue01.wav
vocalize PlayerTransition	Hahahah hah	player\survivor\voice\namvet\reactionpositive06.wav
vocalize PlayerVomitInFace	Ah! God dammit! Son of a bitch!	player\survivor\voice\namvet\reactionboomervomit01.wav
vocalize PlayerWaitHere	Let's wait here.	player\survivor\voice\namvet\waithere01.wav
vocalize PlayerWarnBoomer	BOOMER!	player\survivor\voice\namvet\warnboomer03.wav
vocalize PlayerWarnCareful	Careful.	player\survivor\voice\namvet\warncareful01.wav
vocalize PlayerWarnHunter	HUNTER!	player\survivor\voice\namvet\warnhunter01.wav
vocalize PlayerWarnMegaMob	Watch it, Watch it!	player\survivor\voice\namvet\teamkillaccident04.wav
vocalize PlayerWarnSmoker	SMOKER!	player\survivor\voice\namvet\warnsmoker01.wav
vocalize PlayerWarnTank	TANK!	player\survivor\voice\namvet\warntank03.wav
vocalize PlayerWarnWitch	WITCH!	player\survivor\voice\namvet\warnwitch04.wav
vocalize PlayerWatchOutBehind	Behind us!	player\survivor\voice\namvet\watchoutbehind01.wav
vocalize PlayerYellRun	RUN!	player\survivor\voice\namvet\emphaticrun01.wav
vocalize PlayerYes	Yes.	player\survivor\voice\namvet\yes05.wav
vocalize PlayerYouAreWelcome	Well, you're welcome.	player\survivor\voice\namvet\youarewelcome02.wav
vocalize RespondAffirmative	Okay.	player\survivor\voice\namvet\yes04.wav
vocalize ResponseSoftDispleasureSwear	What a crock a' shit...	player\survivor\voice\namvet\swears19.wav
vocalize ReviveBfine	You'll be okay.	player\survivor\voice\namvet\revivefriendb04.wav
vocalize ReviveBgo	Let's move!	player\survivor\voice\namvet\revivefriendb10.wav
vocalize RevivedByFriend	I owe ya one.	player\survivor\voice\namvet\thanks07.wav
vocalize ReviveFriendDown	[Groan]	player\survivor\voice\namvet\gettingrevived06.wav
vocalize ReviveMeInterrupted	Dammit.	player\survivor\voice\namvet\swears08.wav
vocalize RiversideIsDeadPlan	All right, then, let's do it.	player\survivor\voice\namvet\genericresponses09.wav
vocalize ScenarioJoin	I'm here.	player\survivor\voice\namvet\scenariojoin01.wav
vocalize SurvivorBotNoteHumanAttention	Ready?	player\survivor\voice\namvet\askready02.wav
vocalize SurvivorBotReassureComing	Yes.	player\survivor\voice\namvet\yes05.wav
vocalize SurvivorBotReassureNearby	I got your back.	player\survivor\voice\namvet\imwithyou04.wav
vocalize SurvivorBotYesReady	Okay.	player\survivor\voice\namvet\yes04.wav
vocalize SurvivorBotYouAreWelcome	Yeah, okay, it don't mean we're married now.	player\survivor\voice\namvet\youarewelcome14.wav
vocalize ThrewGrenade	GRENADE!!	player\survivor\voice\namvet\grenade01.wav
vocalize WitchGettingAngry	STOP! That Witch is mad as hell.	player\survivor\voice\namvet\witchgettingangry05.wav
vocalize YouWelcome	Hey, no problem	player\survivor\voice\namvet\youarewelcome04.wav