vocalize airport02_creshendo03	It's down! Let's move!	player\survivor\voice\biker\worldairport0209.wav
vocalize airport02_creshendoCrane	Ah shit, here we go again.	player\survivor\voice\biker\genericresponses11.wav
vocalize Airport03FirePathClearX	The path is clear!	player\survivor\voice\biker\worldairport0309.wav
vocalize airport04_05a	[Short laugh]	player\survivor\voice\biker\laughter07.wav
vocalize airport04_08a	Bill? I was the one that said that.	player\survivor\voice\biker\worldairport0410.wav
vocalize airport04_08b	That sounds about right.	player\survivor\voice\biker\genericresponses08.wav
vocalize airport04_08c	We need to get out to the runway.	player\survivor\voice\biker\worldairport0419.wav
vocalize airport04_vana	I hate vans.	player\survivor\voice\biker\worldairport0425.wav
vocalize AynRandResponse	I hate Ayn Rand.	player\survivor\voice\biker\worldairport0416.wav
vocalize BridgeCrossAlert	We're good to go! Come on!	player\survivor\voice\biker\pathclear02.wav
vocalize BridgeCrossAlertFarm03	We can get up there now!	player\survivor\voice\biker\worldfarmhouse0313.wav
vocalize Bridgegogogo	Go go go!	player\survivor\voice\biker\emphaticgo03.wav
vocalize C7M1_saferoom01	Is this the Keys? Because I don't wanna live here.	player\survivor\voice\biker\c6dlc3intro01.wav
vocalize C7M1_saferoom04	And why don't we want any of these boats?  They look cool.	player\survivor\voice\biker\c6dlc3intro03.wav
vocalize C7M1_saferoom05	Louis. Tell Zoey I don't know what's going on.	player\survivor\voice\biker\c6dlc3intro04.wav
vocalize C7M1_saferoom06	Found one.	player\survivor\voice\biker\c6dlc3intro05.wav
vocalize C7M1_saferoom07a	What? We're not even gonna try driving it on the ground?	player\survivor\voice\biker\c6dlc3intro13.wav
vocalize C7M1_saferoom12a	Really? This is you pissed?	player\survivor\voice\biker\c6dlc3intro15.wav
vocalize C7M1_saferoom13	I think those are Bill's tears.	player\survivor\voice\biker\c6dlc3intro17.wav
vocalize C7M1_saferoom14a	Hey, I ain't the one that thought we could drive a frickin'  train through the ocean.	player\survivor\voice\biker\c6dlc3intro18.wav
vocalize C7M1_saferoom15b	Wow, I never thought I'd say this, but I think I wanna hang out with Louis.	player\survivor\voice\biker\c6dlc3intro19.wav
vocalize C7M1_saferoom16	Hey Bill, I think I mighta missed the finer points of your plan. I caught all the train stuff. Something about a boat to an island paradise. But I missed the part where we're stranded in the middle of goddamn nowhere.	player\survivor\voice\biker\c6dlc3intro21.wav
vocalize C7M1_saferoom16b	I'm goin', I'm goin'.	player\survivor\voice\biker\c6dlc3intro22.wav
vocalize C7M1_saferoom17	Yeah! Sandy beaches. Coconuts. Sand. Beaches. Sand... Wait a minute, I hate islands.	player\survivor\voice\biker\c6dlc3intro23.wav
vocalize C7M1_saferoom18a	Okay. I vote for the island paradise where we don't have to fight any more zombies.	player\survivor\voice\biker\c6dlc3intro24.wav
vocalize C7M1_saferoom20b	I'm goin', I'm goin'.	player\survivor\voice\biker\c6dlc3intro22.wav
vocalize C7M1_saferoom21	Bill, when you sailed ships were they all still made of wood?	player\survivor\voice\biker\c6dlc3intro27.wav
vocalize C7M1_saferoom21a	Nah, don't worry, I hate boats too.	player\survivor\voice\biker\c6dlc3intro26.wav
vocalize c7m1opentankdoorspeakBiker	Alright, alright, I'll be the brave one.	player\survivor\voice\biker\c6dlc3openingdoor02.wav
vocalize C7M2_saferoom02c	Bullshit. Say \Bill's an idiot\ in Japanese.	player\survivor\voice\biker\c6dlc3firstsaferoom03.wav
vocalize C7M2_saferoom02e	Nice.	player\survivor\voice\biker\c6dlc3firstsaferoom04.wav
vocalize C7M2_saferoom03	Louis, if you don't stop being positive, I'm gonna sink the boat just to make you sad.	player\survivor\voice\biker\c6dlc3firstsaferoom05.wav
vocalize C7M2_saferoom03b	About to die in a brick factory? Cause I'm about to do that too. And I got to complain about shit the whole time.	player\survivor\voice\biker\c6dlc3firstsaferoom06.wav
vocalize C7M2_saferoom05a	Okay. But why didn't we drive one of those boats to look for a sail boat?	player\survivor\voice\biker\c6dlc3firstsaferoom09.wav
vocalize C7M2CrowsFlySpeakNamVet	Nice.	player\survivor\voice\biker\c6dlc3firstsaferoom04.wav
vocalize C7M3_saferoom001	I wish I was heading to a deserted island. Can we each get our own?	player\survivor\voice\biker\c6dlc3secondsaferoom01.wav
vocalize C7M3_saferoom002	I hate your good feelings.	player\survivor\voice\biker\c6dlc3secondsaferoom02.wav
vocalize C7M3_saferoom004b	Yeah, I get it, Louis. Bill gets it for chrissake, and he can't even work a flush toilet.	player\survivor\voice\biker\c6dlc3secondsaferoom04.wav
vocalize C7M3_saferoom006a	No more vampires.	player\survivor\voice\biker\c6dlc3secondsaferoom05.wav
vocalize C7M3_saferoom008	Why don't we just live on the boat?	player\survivor\voice\biker\c6dlc3secondsaferoom09.wav
vocalize C7M3_saferoom008b	Well… there was that ship back there.	player\survivor\voice\biker\c6dlc3secondsaferoom10.wav
vocalize C7M3_saferoom012a	Jesus, have you ever been to an island? They're goddamn horrible.	player\survivor\voice\biker\c6dlc3secondsaferoom12.wav
vocalize C7M3_saferoom012c	They're not the only ones...	player\survivor\voice\biker\c6dlc3secondsaferoom13.wav
vocalize C7M3_saferoom012e	I hate this plan.	player\survivor\voice\biker\c6dlc3secondsaferoom14.wav
vocalize C7M3_saferoom013	Start hating it.	player\survivor\voice\biker\c6dlc3secondsaferoom16.wav
vocalize C7M3_saferoom013b	I hate it now too.	player\survivor\voice\biker\c6dlc3secondsaferoom17.wav
vocalize C7M3_saferoom013d	I seriously doubt it.	player\survivor\voice\biker\c6dlc3secondsaferoom18.wav
vocalize C7M3_saferoom014	I hate fish.	player\survivor\voice\biker\c6dlc3secondsaferoom20.wav
vocalize C7M3_saferoom014a	Oh no, I like eating them. That's one of the ways I let fish know how much I hate them.	player\survivor\voice\biker\c6dlc3secondsaferoom21.wav
vocalize C7M3_saferoom014b	Oh no, I like eating them. That's one of the ways I let fish know how much I hate them.	player\survivor\voice\biker\c6dlc3secondsaferoom21.wav
vocalize C7M3_saferoom015	The vampires want to kill us, the army wants to kill us. With our luck, Zoey probably crossed the mob. What the hell makes you think we're gonna live to see Bill's horrible goddamn island in the keys?	player\survivor\voice\biker\c6dlc3secondsaferoom22.wav
vocalize C7M3_saferoom016	I hate this plan.	player\survivor\voice\biker\c6dlc3secondsaferoom14.wav
vocalize C7M3_saferoom016a	I mean, I'd like to hear your reasons why Louis isn't some sort of lunatic. For all we know, he's a serial killer.	player\survivor\voice\biker\c6dlc3secondsaferoom26.wav
vocalize C7M3_saferoom016c	See? I'm serious. Given, you know, current goddamn events, that's not optimism, it's mental illness.	player\survivor\voice\biker\c6dlc3secondsaferoom25.wav
vocalize C7M3_saferoom017	I seriously doubt it.	player\survivor\voice\biker\c6dlc3secondsaferoom18.wav
vocalize C7M3_saferoom017a	No, I'm being serious. I really hate islands. I have insulaphobia - I'm afraid of islands.	player\survivor\voice\biker\c6dlc3secondsaferoom28.wav
vocalize C7M3_saferoom017c	No, man. It's a medical condition. Just my goddamn luck...	player\survivor\voice\biker\c6dlc3secondsaferoom29.wav
vocalize C7M3_saferoom017e	Stupid island...	player\survivor\voice\biker\c6dlc3secondsaferoom30.wav
vocalize C7M3_saferoom017g	Dumbass island shithole...	player\survivor\voice\biker\c6dlc3secondsaferoom31.wav
vocalize C7M3_saferoom017h	Damn right.	player\survivor\voice\biker\c6dlc3secondsaferoom32.wav
vocalize C7M3BridgeLeapSpeakBiker	Dumbass island shithole...	player\survivor\voice\biker\c6dlc3secondsaferoom31.wav
vocalize C7M3BridgeLeapSpeakNamVet	No, man. It's a medical condition. Just my goddamn luck...	player\survivor\voice\biker\c6dlc3secondsaferoom29.wav
vocalize C7M3FinalSpeakManager	See? I'm serious. Given, you know, current goddamn events, that's not optimism, it's mental illness.	player\survivor\voice\biker\c6dlc3secondsaferoom25.wav
vocalize C7M3GeneratorSpeakBiker	We gotta start these generators.	player\survivor\voice\biker\c6dlc3prestart1stgen02.wav
vocalize C7M3GeneratorSpeakTeenGirl	I seriously doubt it.	player\survivor\voice\biker\c6dlc3secondsaferoom18.wav
vocalize churchguy_door_unlocked	Stupid island...	player\survivor\voice\biker\c6dlc3secondsaferoom30.wav
vocalize ConceptBlock002A	Dumbass island shithole...	player\survivor\voice\biker\c6dlc3secondsaferoom31.wav
vocalize ConceptBlock005	Stupid island...	player\survivor\voice\biker\c6dlc3secondsaferoom30.wav
vocalize ConceptBlock009	Just open the goddamn door.	player\survivor\voice\biker\worldsmalltownnpcbellman02.wav
vocalize ConceptBlock016	Dumbass island shithole...	player\survivor\voice\biker\c6dlc3secondsaferoom31.wav
vocalize ConceptBlock023	We're cops. Open up.	player\survivor\voice\biker\worldsmalltownnpcbellman03.wav
vocalize ConceptBlock029	Dumbass island shithole...	player\survivor\voice\biker\c6dlc3secondsaferoom31.wav
vocalize ConceptBlock035	Dumbass island shithole...	player\survivor\voice\biker\c6dlc3secondsaferoom31.wav
vocalize ConceptBlock040	Listen candy-pants, we can *make* you open that goddamn door.	player\survivor\voice\biker\worldairport05npc02.wav
vocalize ConceptBlock044	Everyone but us is either a zombie or an asshole.	player\survivor\voice\biker\worldairport05npc01.wav
vocalize ConceptBlock049	What?	player\survivor\voice\biker\genericresponses02.wav
vocalize ConceptBlock501	Dumbass island shithole...	player\survivor\voice\biker\c6dlc3secondsaferoom31.wav
vocalize ConceptBlock517	Uh, hello?	player\survivor\voice\biker\worldfarmhousenpc01.wav
vocalize ConceptBlock527	Attention boat owner: We are the cops. I command you to pick us up.	player\survivor\voice\biker\worldsmalltownnpcboatman14.wav
vocalize ConceptBlock537	Come get us!	player\survivor\voice\biker\worldsmalltownnpcboatman03.wav
vocalize ConceptBlock558	Have a heart, we gotta a helpless old man with us!	player\survivor\voice\biker\worldairport05npc04.wav
vocalize ConceptBlock567	Well… there was that ship back there.	player\survivor\voice\biker\c6dlc3secondsaferoom10.wav
vocalize ConceptBlock576	They're not the only ones...	player\survivor\voice\biker\c6dlc3secondsaferoom13.wav
vocalize ConceptBlock577	Uh, hello?	player\survivor\voice\biker\worldfarmhousenpc01.wav
vocalize ConceptBlock588	Rodger dodger.	player\survivor\voice\biker\worldfarmhousenpc03.wav
vocalize ConceptBlock596	Attention Army: This is the cops.	player\survivor\voice\biker\worldfarmhousenpc02.wav
vocalize ConceptBlock607	What if just your beard starts to turn? Can I shoot that?	player\survivor\voice\biker\generic13.wav
vocalize ConceptBlock624	[Snort]	player\survivor\voice\biker\laughter10.wav
vocalize ConceptBlock627	What?	player\survivor\voice\biker\generic65.wav
vocalize ConceptBlock629	Yeah whatever you say, Professor Monster.	player\survivor\voice\biker\vampires06.wav
vocalize ConceptBlock632	Most people'll do anything if a cop tells 'em to.	player\survivor\voice\biker\generic68.wav
vocalize ConceptBlock633	Trust me.	player\survivor\voice\biker\generic71.wav
vocalize ConceptBlock635	Hey, look on the bright side: Even if you don't make it, I'll still be really handsome.	player\survivor\voice\biker\playerrevive03.wav
vocalize ConceptBlock637	Long enough to know you got a pretty mouth.	player\survivor\voice\biker\generic09.wav
vocalize ConceptBlock652	I hate this plan.	player\survivor\voice\biker\c6dlc3secondsaferoom14.wav
vocalize ConceptBlock697	*What*ever.	player\survivor\voice\biker\vampires10.wav
vocalize ConceptBlock709	I hate helicopters.	player\survivor\voice\biker\worldhospital0501.wav
vocalize ConceptBlock710	I hate hospitals.  And doctors and lawyers and cops...	player\survivor\voice\biker\worldhospital0404.wav
vocalize ConceptBlock712	You know what I don't hate? I don't hate vests.	player\survivor\voice\biker\worldsmalltown0513.wav
vocalize ConceptBlock721	Go to hell.	player\survivor\voice\biker\genericresponses12.wav
vocalize ConceptNuttier	If we live through this, I'm gonna frickin' kill that guy.	player\survivor\voice\biker\worldsmalltown03npc03.wav
vocalize CrashCourseR02	I hate latest issues.	player\survivor\voice\biker\dlc2magazinerack01.wav
vocalize CrashCourseR07	Guess I've been hatin' Riverside all this time for nothin' then.	player\survivor\voice\biker\dlc2riverside04.wav
vocalize CrashCourseR08	Ahhhh, I doubt it.	player\survivor\voice\biker\dlc2riverside01.wav
vocalize CrashCourseR09	Yeah ha ha ha. This the one you wanna die in?	player\survivor\voice\biker\dlc2alley01.wav
vocalize CrashCourseR10	Nice one.	player\survivor\voice\biker\dlc2gastanks04.wav
vocalize CrashCourseR13	Yeah... steam's alright, I guess.	player\survivor\voice\biker\dlc2steam03.wav
vocalize CrashFinaleGeneratorBreakSpk	POWER'S OUT! We gotta kicktsart the generator!	player\survivor\voice\biker\dlc2m2finalebreak101.wav
vocalize CrashFinaleTruckReadySpk	Lift's down! Get in the goddamn truck!	player\survivor\voice\biker\dlc2m2finaletruckdown01.wav
vocalize CrashFinaleTruckResp01	That lift won't come down till we power up the generator.	player\survivor\voice\biker\dlc2m2finalesetup02.wav
vocalize CrashYerKidding	Yer kidding, right?	player\survivor\voice\biker\dlc2genericresponses03.wav
vocalize elevator_conversation	The biggest mystery about this vampire outbreak is which one of you jackasses just beefed?	player\survivor\voice\biker\worldhospital0403.wav
vocalize Farm02_path02b	The tracks!	player\survivor\voice\biker\worldfarmhouse0406.wav
vocalize Farm05_path09C	Shit. Never thought I'd go lookin' for the military.	player\survivor\voice\biker\worldfarmhouse0105.wav
vocalize FarmVampiresc	Whatever. And all they got is a goddamn tape loop? Screw the goddamn army.	player\survivor\voice\biker\worldfarmhouse0527.wav
vocalize hospital03_path08a2	Hey! hey!	player\survivor\voice\biker\teamkillonpurpose09.wav
vocalize hospital04_path04a	Elevator's here!	player\survivor\voice\biker\worldhospital0406.wav
vocalize hospital05_path01a	If he ain't, at least we'll die with a nice view of the city.	player\survivor\voice\biker\worldhospital0401.wav
vocalize HowitzerBurnEnd00	Fire's out.	player\survivor\voice\biker\dlc2m1gunend01.wav
vocalize HowitzerBurnEnd01	Everybody across the bridge!	player\survivor\voice\biker\dlc2m1gunend02.wav
vocalize InfoRemc7m1_pretank01	Fine with me.	player\survivor\voice\biker\c6dlc3tankintrainyard04.wav
vocalize InfoRemc7m1_pretank03	What?	player\survivor\voice\biker\c6dlc3tankintrainyard09.wav
vocalize InfoRemc7m1_pretank04	Hey, Bill. Zoey said you should open the door.	player\survivor\voice\biker\c6dlc3tankintrainyard11.wav
vocalize InfoRemc7m1_tankcar01	Tanks?	player\survivor\voice\biker\c6dlc3intanktraincar01.wav
vocalize InfoReminfo_powerboat4a	Quiet Zoey.	player\survivor\voice\biker\c6dlc3otherboats14.wav
vocalize IntroAirport	That plane's headed right for the airport. I say we head there too.	player\survivor\voice\biker\worldairport0104.wav
vocalize IntroAirport01bc	I hate planes.	player\survivor\voice\biker\worldairport0513.wav
vocalize IntroAirport01fb	Working plane means working airport. I say we head there.	player\survivor\voice\biker\worldairport0102.wav
vocalize IntroCrashR02	I guess I DID tell ya.	player\survivor\voice\biker\dlc2intro18.wav
vocalize IntroCrashR04	Alright. I'll give ya that.	player\survivor\voice\biker\dlc2intro08.wav
vocalize IntroCrashR06	Well, it's pretty complicated. I don't wanna bore you with a lotta... complex... fractions. But step one is we walk THAT way.	player\survivor\voice\biker\dlc2intro25.wav
vocalize IntroCrashR08	Whoah. Musta hit my head in the crash. I'm okay now. I hate helicopters.	player\survivor\voice\biker\dlc2intro21.wav
vocalize IntroCrashR10	Let's just hike the hell out of here.	player\survivor\voice\biker\dlc2intro30.wav
vocalize IntroCrashR12	Yeah! Stupid helicopter.	player\survivor\voice\biker\dlc2intro16.wav
vocalize IntroCrashR14	Terrific. Looks like we're walkin, then.	player\survivor\voice\biker\dlc2intro14.wav
vocalize IntroCrashR16	That's what I thought...	player\survivor\voice\biker\dlc2intro11.wav
vocalize IntroCrashR18	'Cause it's money in the bank. Remind me to explain gambling to you sometime.	player\survivor\voice\biker\dlc2intro06.wav
vocalize IntroCrashR20	[pouty] Well, I guess NOW we'll never know, will we?	player\survivor\voice\biker\dlc2intro02.wav
vocalize IntroCrashR21	I hate walking.	player\survivor\voice\biker\dlc2intro22.wav
vocalize IntroCrashR23	And it turns out I was right about that.	player\survivor\voice\biker\dlc2intro23.wav
vocalize IntroCrashR25	Looks like we're walking again.	player\survivor\voice\biker\dlc2intro31.wav
vocalize IntroCrashR26	[grumbling under breath]...Don't see what's wrong with vests...	player\survivor\voice\biker\dlc2intro27.wav
vocalize IntroCrashR27	Yeah, well--Next time someone offers us a ride, don't SHOOT him.	player\survivor\voice\biker\dlc2intro12.wav
vocalize IntroCrashR29	[confused] Wait, WHAT happened?	player\survivor\voice\biker\dlc2intro04.wav
vocalize IntroCrashR31	Or, in this case, a vampire.	player\survivor\voice\biker\dlc2intro03.wav
vocalize IntroFarm2	Yeah, I heard that, too.	player\survivor\voice\biker\worldfarmhouseintro03.wav
vocalize IntroHospital02	I hate subways.	player\survivor\voice\biker\worldhospital0201.wav
vocalize IntroSmallTown3	Sounds good to me. Let's head to Riverside.	player\survivor\voice\biker\worldsmalltown0105.wav
vocalize NamVetWhoAreYou	Come on, man, it's Francis!	player\survivor\voice\biker\genericresponses19.wav
vocalize NeedsHelpResponseLouisB2	I mean, I'm cool with that if everyone else is.	player\survivor\voice\biker\insidesaferoom22.wav
vocalize PanicEvent	Shit.	player\survivor\voice\biker\swear02.wav
vocalize PlayerSuggestHealthManager	You should heal up.	player\survivor\voice\biker\playersuggesthealth04.wav
vocalize PlayerSuggestHealthNamVet	Bill, man, heal up.	player\survivor\voice\biker\playersuggesthealthbill02.wav
vocalize PlayerSuggestHealthTeenGirl	Zoey, patch yerself up.	player\survivor\voice\biker\playersuggesthealthzoey03.wav
vocalize RiversideIsDeadSpecial1A	That's better than my plan.	player\survivor\voice\biker\worldairport0112.wav
vocalize RiversideIsDeadSpecial1C	I didn't have one.	player\survivor\voice\biker\worldairport0113.wav
vocalize SmallTown02_path01a	How the hell do you know *that*?	player\survivor\voice\biker\generic19.wav
vocalize smalltown02_path01c	Know what? I just realized I don't care. Lead on.	player\survivor\voice\biker\generic20.wav
vocalize smalltown02_path07a	[Short laugh]	player\survivor\voice\biker\laughter09.wav
vocalize smalltown04_path05a	I'm comin', Bill. Keep yer beard on.	player\survivor\voice\biker\generic07.wav
vocalize Smalltown05_path03a	I hate the water.	player\survivor\voice\biker\worldsmalltown0509.wav
vocalize TakeShotgunGroovy2BikerLaugh	What's so funny? It is groovy.	player\survivor\voice\biker\generic64.wav
vocalize TakeShotgunGroovyZoey2Biker	A-frickin'-men.	player\survivor\voice\biker\safespotaheadreaction07.wav
vocalize TrainUnhookedBiker	Watch out for the train!	player\survivor\voice\biker\worldfarmhouse0312.wav
vocalize VampiresBeatb	Call these freaks whatever you want.	player\survivor\voice\biker\generic33.wav
vocalize ZoeySuggestsCrane	Good thinking, Zoey!	player\survivor\voice\biker\worldairport0227.wav