vocalize _C1M1_ElevatorHello02a	My name's Rochelle. You?	player\survivor\voice\producer\worldgenericproducer49.wav
vocalize _C1M1_ElevatorHello02d	Rochelle.	player\survivor\voice\producer\worldgenericproducer48.wav
vocalize _C1M1_ElevatorHello03c	Hey. Name's Rochelle, you?	player\survivor\voice\producer\worldgenericproducer50.wav
vocalize _C1M1_ElevatorHello04b	Hey. Name's Rochelle, you?	player\survivor\voice\producer\worldgenericproducer50.wav
vocalize _c1m4startelevator3c	What's on your mind, Ellis?	player\survivor\voice\producer\worldc1m4b03.wav
vocalize _c1m4startelevator5c	Well, it's a plan. I don't know if it's a GOOD plan. But it IS a plan.	player\survivor\voice\producer\worldc1m4b06.wav
vocalize _c2m1_searchlights01	I'm guessing that's Whispering Oaks.	player\survivor\voice\producer\worldc2m1b18.wav
vocalize _C2M2_Kiddie01	I wish I could be that happy.	player\survivor\voice\producer\worldc2m2b22.wav
vocalize _C2M2_Kiddie02	Ah, to hell with it. Woo! KIDDIE LAND!	player\survivor\voice\producer\worldc2m2b24.wav
vocalize _C2M2_Kiddie05	He is making the best of a bad situation.	player\survivor\voice\producer\worldc2m2b23.wav
vocalize _c4m1Intro10	We just need to grab some diesel.	player\survivor\voice\producer\worldc4m103.wav
vocalize _c4m1Intro15	This should be easy.	player\survivor\voice\producer\worldc4m101.wav
vocalize _c4m2_gasinside01	Let's go get it.	player\survivor\voice\producer\worldc4m2b27.wav
vocalize _C4M5_FinaleStart01	Virgil better be watching!	player\survivor\voice\producer\worldc4m4b16.wav
vocalize _C4M5_Intro04	All right, sounds like a plan.	player\survivor\voice\producer\worldc1m1b30.wav
vocalize _introc1m1a02	HEYYYYY! COME BACK!	player\survivor\voice\producer\worldc1m1b01.wav
vocalize C1M1_ElevatorHello01_02C4	Hey. Name's Rochelle, you?	player\survivor\voice\producer\worldgenericproducer50.wav
vocalize C1M1_ElevatorHello01_02C6	Who'd we lose?	player\survivor\voice\producer\worldgenericproducer74.wav
vocalize C1M1_ElevatorHello01_02G6	I think it was Nick.	player\survivor\voice\producer\worldgenericproducer78.wav
vocalize C1M1_ElevatorHello01_02M3	Rochelle.	player\survivor\voice\producer\worldgenericproducer63.wav
vocalize C1M1_ElevatorHello01_02M4	Who'd we lose?	player\survivor\voice\producer\worldgenericproducer74.wav
vocalize C1M1_ElevatorHello01_02M5	I think it was Ellis.	player\survivor\voice\producer\worldgenericproducer77.wav
vocalize C1M1_ElevatorHello01_03CM3	Rochelle.	player\survivor\voice\producer\worldgenericproducer63.wav
vocalize C1M1_ElevatorHello01_03CM4	Who'd we lose?	player\survivor\voice\producer\worldgenericproducer74.wav
vocalize C1M1_ElevatorHello01_03CM5	I think he just said it was Coach.	player\survivor\voice\producer\worldgenericproducer79.wav
vocalize C1M2SafeRooma1	Okay, this man's talking some sense. Let's get out of here.	player\survivor\voice\producer\worldc1m1b35.wav
vocalize C1M2SafeRoomc2	Okay I guess.	player\survivor\voice\producer\gettingrevived22.wav
vocalize C1M2SafeRoomd2	I'm gonna have to agree.	player\survivor\voice\producer\worldc1m1b34.wav
vocalize C1M2SafeRoomd2a	A gun STORE? For the first time in my life, that sounds good.	player\survivor\voice\producer\worldc1m2b01.wav
vocalize C1M3SafeRoom2d	Amen.	player\survivor\voice\producer\worldc1m3b03.wav
vocalize C1M4NearFinale02b	I'm not getting a strong \we're getting rescued\ vibe here.	player\survivor\voice\producer\worldc1m3b30.wav
vocalize C1M4NearFinale02d	Maybe someone is still here?	player\survivor\voice\producer\worldc2m129.wav
vocalize C1M4SafeRoom2b2	Jimmy Gibbs Jr…. Yay.	player\survivor\voice\producer\worldc1m3b16.wav
vocalize C2M1Intro004	Well, the ride was nice while it lasted.	player\survivor\voice\producer\worldc2m101.wav
vocalize C2M3Chopper001	A helicopter!	player\survivor\voice\producer\worldc2m4b01.wav
vocalize C2M4PenSmell001	Ugh, smells like a dirty old white suit that hasn't been dry-cleaned in a month.	player\survivor\voice\producer\nickocd05.wav
vocalize C2M5_PlanWorkedb	Coach, you are the smartest man ALIVE!	player\survivor\voice\producer\worldc2m5b41.wav
vocalize C3M1FerryInTransit	Ferry's almost here!	player\survivor\voice\producer\worldc3m119.wav
vocalize C3M2SafeRoom2	We have to find the main river.	player\survivor\voice\producer\worldc3m143.wav
vocalize C3M2SafeRoom2c	Hope the swamp people don't mind us visiting.	player\survivor\voice\producer\worldc3m105.wav
vocalize C3M2SafeRoom2d	The white suit with zombie brains all over it? That one?	player\survivor\voice\producer\worldc3m1b08.wav
vocalize C3M3SafeRoom2a3	Oh, zombie swamp people, I'm sorry I gotta shoot you.	player\survivor\voice\producer\worldc3m305.wav
vocalize C3M3SafeRoom2c2	We need to head to the river.	player\survivor\voice\producer\worldc3m310.wav
vocalize C3M3SafeRoom2e2	Ahh shit, they didn't make it.	player\survivor\voice\producer\worldc3m303.wav
vocalize C3M4GateBlow01	WOW! Gate's open!	player\survivor\voice\producer\worldc3m1b11.wav
vocalize C5M1_intro009	There's the bridge You sure they're going to be there?	player\survivor\voice\producer\world01.wav
vocalize C5M4BombInt01A	Something tells me they're not checking for survivors anymore.	player\survivor\voice\producer\worldc5m4b04.wav
vocalize C5M5_GateDown	Let's move.	player\survivor\voice\producer\worldc5m5b01.wav
vocalize C6M1Intro_05a	Uh, do you know how we can get to the other side?	player\survivor\voice\producer\dlc1_c6m1_initialmeeting02.wav
vocalize C6M1Intro_05c	You aren't from around these parts are you?	player\survivor\voice\producer\dlc1_c6m1_initialmeeting03.wav
vocalize C6M1Intro_05e	Great. Can't help us with directions, probably can't shoot a gun.	player\survivor\voice\producer\dlc1_c6m1_initialmeeting05.wav
vocalize C6M1Intro_06b	Is the road even clear on the other side?	player\survivor\voice\producer\dlc1_c6m1_initialmeeting07.wav
vocalize C6M1Intro_06d	Then it's a date.	player\survivor\voice\producer\dlc1_c6m1_initialmeeting08.wav
vocalize C6M1Intro_07c	Maybe, but at least he's no zombie.	player\survivor\voice\producer\dlc1_c6m1_initialmeeting11.wav
vocalize C6M1Intro_09e	Uh, Nick. He's talking to me.	player\survivor\voice\producer\dlc1_c6m1_initialmeeting12.wav
vocalize C6M1Intro_09f	Hey! Can you lower the bridge.	player\survivor\voice\producer\dlc1_c6m1_initialmeeting13.wav
vocalize C6M1Intro_10b	Hey, hey boys. Okay, if we get to the other side can you help us lower it?	player\survivor\voice\producer\dlc1_c6m1_initialmeeting14.wav
vocalize C6M1Intro_10d	See Nick, you should try being nice sometime.	player\survivor\voice\producer\dlc1_c6m1_initialmeeting15.wav
vocalize C6M1Intro_10e	THANK YOU, VERY MUCH!	player\survivor\voice\producer\dlc1_c6m1_initialmeeting19.wav
vocalize C6M1Intro_12a	Ellis, you going to answer her?	player\survivor\voice\producer\dlc1_c6m1_initialmeeting21.wav
vocalize C6M1Intro_12c	He's got it. We'll see you on the other side.	player\survivor\voice\producer\dlc1_c6m1_initialmeeting22.wav
vocalize C6M1Intro_14d	Let's go, real charming Nick.	player\survivor\voice\producer\dlc1_c6m1_initialmeeting25.wav
vocalize C6M1Intro_15c	I can't believe you used to be a con artist.	player\survivor\voice\producer\dlc1_c6m1_initialmeeting31.wav
vocalize C6M1Intro_17b	Can you try? I don't think its going to be easy to get to the other side of the river.	player\survivor\voice\producer\dlc1_c6m1_initialmeeting33.wav
vocalize C6M1Intro_17d	Well shit.	player\survivor\voice\producer\dlc1_c6m1_initialmeeting36.wav
vocalize C6M1Intro_18b	Ah ha. Really?	player\survivor\voice\producer\dlc1_c6m1_initialmeeting39.wav
vocalize C6M1Intro_18d	So it isn't worth getting to the other side?	player\survivor\voice\producer\dlc1_c6m1_initialmeeting40.wav
vocalize C6M1Intro_19b	Yeah, that sounds simple.	player\survivor\voice\producer\dlc1_c6m1_initialmeeting44.wav
vocalize C6M1Intro_20a	What the?	player\survivor\voice\producer\dlc1_c6m1_initialmeeting45.wav
vocalize C6M1Intro_20b	No. Can you lower the bridge?	player\survivor\voice\producer\dlc1_c6m1_initialmeeting47.wav
vocalize C6M1Intro_20d	Okay, then, yes, we are vampires? All of us are vampires?	player\survivor\voice\producer\dlc1_c6m1_initialmeeting51.wav
vocalize C6M1Intro_20g	Dear lord, why'd I ever leave Cleveland.	player\survivor\voice\producer\dlc1_c6m1_initialmeeting53.wav
vocalize C6M1Intro_22a	Oh thank god! I thought I was the last woman on earth.	player\survivor\voice\producer\dlc1_c6m1_initialmeeting54.wav
vocalize C6M1Intro_22c	Can you lower the bridge? We need to get across the river.	player\survivor\voice\producer\dlc1_c6m1_initialmeeting55.wav
vocalize C6M1Intro_22f	If that's what we gotta do, that we gotta do.	player\survivor\voice\producer\dlc1_c6m1_initialmeeting56.wav
vocalize C6M1Intro_22h	Take care.	player\survivor\voice\producer\dlc1_c6m1_initialmeeting59.wav
vocalize DLC1_C6M2_SafeRoomConvo01a	Compared to you, Nick, he was downright nice.	player\survivor\voice\producer\dlc1_c6m2_saferoomconvo01.wav
vocalize DLC1_C6M2_SafeRoomConvo03a	Sweety, it's just a car.	player\survivor\voice\producer\dlc1_c6m2_saferoomconvo02.wav
vocalize DLC1_C6M2_SafeRoomConvo03c	Calm down, Ellis.	player\survivor\voice\producer\dlc1_c6m2_saferoomconvo04.wav
vocalize DLC1_C6M2_SafeRoomConvo04a	You'll be back with her soon enough. Also she's a car. And this is creepy.	player\survivor\voice\producer\dlc1_c6m2_saferoomconvo07.wav
vocalize DLC1_C6M2_SafeRoomConvo06a	I have a bunch of good memories, too... of never once going to a boiled peanut festival.	player\survivor\voice\producer\dlc1_c6m2_saferoomconvo09.wav
vocalize DLC1_C6M2_SafeRoomConvo07a	Sweety, she'd be crazy not to.	player\survivor\voice\producer\dlc1_c6m2_saferoomconvo10.wav
vocalize DLC1_C6M2_SafeRoomConvo08b	What!?!	player\survivor\voice\producer\dlc1_c6m2_saferoomconvo16.wav
vocalize DLC1_C6M2_SafeRoomConvo08d	I don't believe this.	player\survivor\voice\producer\dlc1_c6m2_saferoomconvo20.wav
vocalize DLC1_C6M2_SafeRoomConvo08f	He is better looking than you.	player\survivor\voice\producer\dlc1_c6m2_saferoomconvo18.wav
vocalize DLC1_C6M2_SafeRoomConvo10a	(laughter) You're kidding right?	player\survivor\voice\producer\dlc1_c6m2_saferoomconvo23.wav
vocalize DLC1_C6M2_SafeRoomConvo10c	Oh, you are going to love the under-the-river tour.	player\survivor\voice\producer\dlc1_c6m2_saferoomconvo24.wav
vocalize DLC1_C6M2_SafeRoomConvo14a	Hey, Ellis? I hear there's a Stock Car museum in New Orleans.	player\survivor\voice\producer\dlc1_c6m2_saferoomconvo30.wav
vocalize DLC1_C6M2_SafeRoomConvo14c	Coach. We make it to New Orleans, there's a Cheeseburger museum.	player\survivor\voice\producer\dlc1_c6m2_saferoomconvo28.wav
vocalize DLC1_C6M2_SafeRoomConvo14e	Nick, there's a-	player\survivor\voice\producer\dlc1_c6m2_saferoomconvo31.wav
vocalize DLC1_C6M2_SafeRoomConvo15a	Oh, I just keep hoping I wake up every day.	player\survivor\voice\producer\dlc1_c6m2_saferoomconvo32.wav
vocalize DLC1_C6M2_SafeRoomConvo16a	Ellis honey, you do know that eventually we'll have to leave that car behind. Right?	player\survivor\voice\producer\dlc1_c6m2_saferoomconvo34.wav
vocalize DLC1_C6M2_SafeRoomConvo16c	Ya know, I just don't think the military is going to air lift the car to safety.	player\survivor\voice\producer\dlc1_c6m2_saferoomconvo35.wav
vocalize DLC1_C6M2_SafeRoomConvo17b	Uhh! Actually, does anyone want to put that to a vote?	player\survivor\voice\producer\dlc1_c6m2_saferoomconvo39.wav
vocalize DLC1_C6M2_SafeRoomConvo18a	Ellis, ask yourself, what would Keith do?	player\survivor\voice\producer\dlc1_c6m2_saferoomconvo40.wav
vocalize DLC1_C6M2_SafeRoomConvo18d	AH! I wasn't thinking.	player\survivor\voice\producer\dlc1_c6m2_saferoomconvo42.wav
vocalize DLC1_C6M2_SafeRoomConvo19a	You're looking good coach.	player\survivor\voice\producer\dlc1_c6m2_saferoomconvo43.wav
vocalize DLC1_C6M2_SafeRoomConvo20a	Well anybody who survives this shit is gonna be in greatshape.	player\survivor\voice\producer\dlc1_c6m2_saferoomconvo44.wav
vocalize DLC1_C6M2_SafeRoomConvo21a	And the... zombie apocalypse?	player\survivor\voice\producer\dlc1_c6m2_saferoomconvo47.wav
vocalize DLC1_C6M3_SafeRoomConvo02a1	He'll be there.	player\survivor\voice\producer\dlc1_c6m3_saferoomconvo03.wav
vocalize HistoricTour02b	Glad I asked.	player\survivor\voice\producer\dlc1_c6m1_historicsign07.wav
vocalize InfoRemC3M2Bathtub3	Fair enough.	player\survivor\voice\producer\worldc3m152.wav
vocalize InfoRemC3M3Bodies3	Better safe than sorry I guess.	player\survivor\voice\producer\worldc3m315.wav
vocalize L4D1PlayerNiceShot	Nice shot.	player\survivor\voice\producer\niceshot01.wav
vocalize Player.WarnHunterC1P	Just never saw one before.	player\survivor\voice\producer\warnhunterc1p03.wav
vocalize PlayerNiceShot	Cool.	player\survivor\voice\producer\niceshot02.wav
vocalize PlayerSuggestHealthCoach	Hey, Coach, you should use that health kit.	player\survivor\voice\producer\suggesthealthcoach02.wav
vocalize PlayerSuggestHealthGambler	Nick.  Healing time.	player\survivor\voice\producer\suggesthealthnick04.wav
vocalize PlayerSuggestHealthMechanic	Ellis, baby, time to heal up.	player\survivor\voice\producer\suggesthealthellis01.wav
vocalize RemWorldC6M1_WeddingWarn01	Do they ever?	player\survivor\voice\producer\dlc1_c6m1_wedding01.wav
vocalize SurvivorWasPounced	Hunter's got Nick!	player\survivor\voice\producer\hunternickpounced01.wav
vocalize WeddingWitchDead01	Nick, you scare me.	player\survivor\voice\producer\dlc1_c6m1_weddingwitchdead01.wav
vocalize WeddingWitchDead04	Yeah, let's just get of here.	player\survivor\voice\producer\dlc1_c6m1_weddingwitchdead05.wav
vocalize WorldC3M1FerryCrossingB02	You had real foresight to get that tattooed.	player\survivor\voice\producer\worldc3m136.wav
vocalize WorldC3M1FerryCrossingC02	Not zombies.	player\survivor\voice\producer\worldc3m140.wav
vocalize WorldC3M1FerryCrossingC04	Sound about right.	player\survivor\voice\producer\worldc3m141.wav
vocalize WorldC3M1FerryCrossingD01	So what do you think is going to kill us?  Zombies, gators, snakes, bugs or the swamp people?	player\survivor\voice\producer\worldc3m131.wav
vocalize WorldC3M1FerryCrossingD04	Yeah, I forgot about that.	player\survivor\voice\producer\worldc3m132.wav
vocalize WorldC3M1FerryCrossingE01	What? Blood farmers?  Boy, what in the hell are you talking about?	player\survivor\voice\producer\worldc3m133.wav
vocalize WorldC3M1FerryCrossingE03	Sorry I asked...	player\survivor\voice\producer\worldc3m134.wav
vocalize WorldC3M1FerryCrossingJ2	I dunno. Maybe?	player\survivor\voice\producer\worldc3m1b09.wav
vocalize WorldC3M1FerryCrossingk2	No indoor plumbing…	player\survivor\voice\producer\worldc3m1b10.wav
vocalize WorldC6M1_HistoricTour	If we can't go over the river, we can always try under.	player\survivor\voice\producer\dlc1_c6m1_historicsign12.wav
vocalize WorldC6M1_PostWedding02a	Is that really how your brain works?	player\survivor\voice\producer\dlc1_c6m1_weddingpostwitch02.wav
vocalize WorldC6M1_WeddingWarn03b	WOULD YOU GUYS SHUT UP!	player\survivor\voice\producer\dlc1_c6m1_weddingwitch02.wav
vocalize WorldC6M2_InSewer101a	Nick, I'm pretty sure this is sewage.	player\survivor\voice\producer\dlc1_c6m2_phase2inwater03.wav
vocalize WorldC6M2_InSewer102b	Yeah, it's sewage.	player\survivor\voice\producer\dlc1_c6m2_phase2inwater02.wav
vocalize WorldC6M2_InSewer202a	Okay, Carl.	player\survivor\voice\producer\dlc1_c6m2_phase2inwater09.wav
vocalize WorldC6M2_OnTourWalk101a	Shithole?	player\survivor\voice\producer\dlc1_c6m2_historictour03.wav
vocalize WorldC6M2_OnTourWalk101b	Sorry Coach.	player\survivor\voice\producer\dlc1_c6m2_historictour04.wav
vocalize WorldC6M2_OnTourWalk102b	Shut up, Nick.	player\survivor\voice\producer\dlc1_c6m2_historictour06.wav
vocalize WorldC6M2_Phase201a	It better.	player\survivor\voice\producer\dlc1_c6m2_phase201.wav
vocalize WorldC6M2_TourEntrance01a	Who am I kidding?	player\survivor\voice\producer\dlc1_c6m2_ticketcounter02.wav
vocalize WorldIntroC31a2	That's true. If I had a pick a low point in the flight, it was probably when he stopped flying the chopper and attacked us.	player\survivor\voice\producer\worldc3m1b02.wav
vocalize WorldIntroC31a4	Anyone know where we are?	player\survivor\voice\producer\worldc3m1b04.wav
vocalize WorldIntroC31c3	HE WAS FLYING THE HELICOPTER	player\survivor\voice\producer\worldc3m1b01.wav
vocalize WorldIntroC31e1	Do you think they put this sign up before or after the infection?	player\survivor\voice\producer\worldc3m103.wav
vocalize WorldIntroC31e2	Let's visit, they seem nice.	player\survivor\voice\producer\worldc3m107.wav
vocalize WorldSignReportSick3	Don't worry Ellis, they mean the flu, not in the head.	player\survivor\voice\producer\worldsigns03.wav
vocalize WorldSignWhereIsCEDA2	Good question, where is CEDA? I just see the military.	player\survivor\voice\producer\worldsigns01.wav