vocalize airport02_creshendoCrane	Stay positive, guys! I got a good feeling about this.	player\survivor\voice\manager\zombiegenericshort14.wav
vocalize airport04_05a	Oh no. Ain't no damn way...	player\survivor\voice\manager\genericresponses39.wav
vocalize airport04_08b	Holy shit...	player\survivor\voice\manager\violenceawe10.wav
vocalize Bridgegogogo	GO!	player\survivor\voice\manager\emphaticgo04.wav
vocalize c6m3_outroL4D102a	It was nice see normal people again.	player\survivor\voice\manager\dlc1_c6m3_l4d1finalecinematic02.wav
vocalize c6m3_outroL4D106a	Go, Ellis! GO!	player\survivor\voice\manager\dlc1_c6m3_l4d1finalecinematic11.wav
vocalize C7M1_saferoom03a	Why's that?	player\survivor\voice\manager\c6dlc3intro03.wav
vocalize C7M1_saferoom05a	I think she's mad at Bill.	player\survivor\voice\manager\c6dlc3intro05.wav
vocalize C7M1_saferoom08a	Actually, I would have liked to see that too!	player\survivor\voice\manager\c6dlc3intro12.wav
vocalize C7M1_saferoom12	I'm pissed too!	player\survivor\voice\manager\c6dlc3intro15.wav
vocalize C7M1_saferoom15c	Well, thanks, man!	player\survivor\voice\manager\c6dlc3intro21.wav
vocalize C7M1_saferoom18a	I got a good feeling about this island.	player\survivor\voice\manager\c6dlc3intro23.wav
vocalize C7M1_saferoom19	Zoey, come on.  We have to work together.	player\survivor\voice\manager\c6dlc3intro25.wav
vocalize C7M1_saferoom19b	Come on, we have to keep moving.	player\survivor\voice\manager\c6dlc3intro26.wav
vocalize C7M1_saferoom21	Francis am I alone in hating boats?	player\survivor\voice\manager\c6dlc3intro30.wav
vocalize C7M1_saferoom22a	Look, I'm trying, Bill. I'm trying.	player\survivor\voice\manager\c6dlc3intro35.wav
vocalize C7M1_saferoom24	Way to go Francis, some cardio is just what we need!	player\survivor\voice\manager\c6dlc3intro36.wav
vocalize C7M1_saferoom25	What do we do if we meet someone?	player\survivor\voice\manager\c6dlc3intro37.wav
vocalize C7M1_saferoom25b	How can we be sure they're immune?	player\survivor\voice\manager\c6dlc3intro39.wav
vocalize c7m1opentankdoorspeakManager	Man, why am I always opening these things?	player\survivor\voice\manager\c6dlc3openingdoor06.wav
vocalize C7M2_saferoom02	Let me see. Uh. Taki. I love you. Goodbye.	player\survivor\voice\manager\c6dlc3firstsaferoom01.wav
vocalize C7M2_saferoom02b	I interned in Tokyo.	player\survivor\voice\manager\c6dlc3firstsaferoom02.wav
vocalize C7M2_saferoom02d	Bill's an idiot.	player\survivor\voice\manager\c6dlc3firstsaferoom03.wav
vocalize C7M2_saferoom03a	Thinking positive got me where I am, Francis.	player\survivor\voice\manager\c6dlc3firstsaferoom07.wav
vocalize C7M2_saferoom04	Even if it does go back to normal, they're not lettin' us back in. I think this island's the only chance we got.	player\survivor\voice\manager\c6dlc3firstsaferoom08.wav
vocalize C7M2_saferoom05c	Let's make a note of that for next time, alright?	player\survivor\voice\manager\c6dlc3firstsaferoom10.wav
vocalize C7M3_saferoom003a	How old are you again Bill?	player\survivor\voice\manager\c6dlc3secondsaferoom06.wav
vocalize C7M3_saferoom004	But you know, as long as I have a Molotov I can make a firewall!	player\survivor\voice\manager\c6dlc3secondsaferoom09.wav
vocalize C7M3_saferoom004a	Get it Francis?  A firewall?	player\survivor\voice\manager\c6dlc3secondsaferoom11.wav
vocalize C7M3_saferoom006b	No more internet, no more xbox, no more nothing...	player\survivor\voice\manager\c6dlc3secondsaferoom15.wav
vocalize C7M3_saferoom007a	Yeah, I read that in books too.	player\survivor\voice\manager\c6dlc3secondsaferoom17.wav
vocalize C7M3_saferoom007c	I don't remember what that feels like.	player\survivor\voice\manager\c6dlc3secondsaferoom18.wav
vocalize C7M3_saferoom009a	I like the sound of that.	player\survivor\voice\manager\c6dlc3secondsaferoom20.wav
vocalize C7M3_saferoom010a	I always wanted to learn how to fish.	player\survivor\voice\manager\c6dlc3secondsaferoom22.wav
vocalize C7M3_saferoom011	Sounds good to me.	player\survivor\voice\manager\c6dlc3secondsaferoom24.wav
vocalize C7M3_saferoom013a	You don't hate it already?	player\survivor\voice\manager\c6dlc3secondsaferoom26.wav
vocalize C7M3_saferoom013c	Man, this is gonna be a long rest of our lives.	player\survivor\voice\manager\c6dlc3secondsaferoom27.wav
vocalize C7M3_saferoom014a	Well, hater, I guess you don't have to eat any then.	player\survivor\voice\manager\c6dlc3secondsaferoom29.wav
vocalize C7M3_saferoom015a	Just a good feeling, I guess.	player\survivor\voice\manager\c6dlc3secondsaferoom31.wav
vocalize C7M3_saferoom016b	I'm in too good a mood to get mad at you, Francis.	player\survivor\voice\manager\c6dlc3secondsaferoom34.wav
vocalize C7M3_saferoom016d	Hey Francis, I got a good feeling about wearing your skin as a pretty dress.	player\survivor\voice\manager\c6dlc3secondsaferoom35.wav
vocalize C7M3_saferoom017	Come on, Francis. Give it a rest.	player\survivor\voice\manager\c6dlc3secondsaferoom36.wav
vocalize C7M3_saferoom017b	Are you joking?	player\survivor\voice\manager\c6dlc3secondsaferoom37.wav
vocalize C7M3_saferoom017d	Shit, Francis. Well, when we get there, I got your back. I'm gonna keep an eye on that island for ya.	player\survivor\voice\manager\c6dlc3secondsaferoom39.wav
vocalize C7M3_saferoom017f	Punk island...	player\survivor\voice\manager\c6dlc3secondsaferoom41.wav
vocalize C7M3_saferoom017g	Punk ass island bitch better watch yourself once Louis and Francis on the case.	player\survivor\voice\manager\c6dlc3secondsaferoom45.wav
vocalize C7M3GeneratorSpeakManager	We need to power these three generators to raise the bridge!	player\survivor\voice\manager\c6dlc3prestart1stgen03.wav
vocalize ConceptBlock015	Sir, please! We are NOT infected.	player\survivor\voice\manager\worldsmalltownnpcbellman01.wav
vocalize ConceptBlock017	What?	player\survivor\voice\manager\genericresponses02.wav
vocalize ConceptBlock019	Mister, if one of us get killed out here, I am gonna shoot my way in there and beat you to death with my gun!	player\survivor\voice\manager\worldsmalltownnpcbellman08.wav
vocalize ConceptBlock050	What?	player\survivor\voice\manager\genericresponses02.wav
vocalize ConceptBlock521	Hello?	player\survivor\voice\manager\worldfarmhousenpc01.wav
vocalize ConceptBlock539	Go on and head out. We're ready.	player\survivor\voice\manager\worldsmalltownnpcboatman10.wav
vocalize ConceptBlock581	Hello?	player\survivor\voice\manager\worldfarmhousenpc01.wav
vocalize ConceptBlock594	We're set to go, sir! Any time you're ready.	player\survivor\voice\manager\worldfarmhousenpc05.wav
vocalize ConceptBlock610	Humanity's gonna bounce right back, you watch.	player\survivor\voice\manager\zombiegenericshort18.wav
vocalize ConceptBlock619	Humanity's gonna bounce right back, you watch.	player\survivor\voice\manager\zombiegenericshort18.wav
vocalize ConceptBlock626	Tell me you ain't serious.	player\survivor\voice\manager\genericresponses25.wav
vocalize ConceptBlock628	They're ZOMBIES, Francis.	player\survivor\voice\manager\generic23.wav
vocalize ConceptBlock631	What?	player\survivor\voice\manager\genericresponses02.wav
vocalize ConceptBlock640	That's what I'm talkin' about.	player\survivor\voice\manager\reactionpositive10.wav
vocalize ConceptBlock645	If I go down, go on without me. Actually, wait, no.  Save my ass.	player\survivor\voice\manager\zombiegenericlong03.wav
vocalize ConceptBlock650	[Short laugh]	player\survivor\voice\manager\laughter01.wav
vocalize ConceptBlock652	*Whistles*	player\survivor\voice\manager\nervouswhislte01.wav
vocalize ConceptBlock656	Come on, cheer up! We're almost through!	player\survivor\voice\manager\zombiegenericshort10.wav
vocalize ConceptBlock658	We are unstoppable.	player\survivor\voice\manager\hurrah11.wav
vocalize ConceptBlock659	That's right, we should call ourselves the unstoppables.	player\survivor\voice\manager\hurrah12.wav
vocalize ConceptBlock660	Nothing can stop us, do you hear me? Nothing can stop us!	player\survivor\voice\manager\hurrah10.wav
vocalize ConceptBlock717	I am bad, yes I am bad, YES I AM! WOO!	player\survivor\voice\manager\hurrah16.wav
vocalize CrashCourseI01	Sounds good to me.	player\survivor\voice\manager\worldfarmhousenpc10.wav
vocalize CrashCourseR04	I'll be damned. Francis, when'd you learn to read?	player\survivor\voice\manager\dlc2forlease01.wav
vocalize CrashCourseR06	Canada? Francis, we're in Pennsylvania.	player\survivor\voice\manager\dlc2riverside03.wav
vocalize CrashFinaleGeneratorBreakSpk	The damn generator broke again!	player\survivor\voice\manager\dlc2m2finalebreak201.wav
vocalize CrashFinaleTruckReadySpk	It's down! Get in!	player\survivor\voice\manager\dlc2m2finaletruckdown01.wav
vocalize CrashFinaleTruckResp01	If we power up the generator, we can bring down the lift.	player\survivor\voice\manager\dlc2m2finalesetup02.wav
vocalize Farm01_path03a	I bet your country ass DOES like this trailer.	player\survivor\voice\manager\worldfarmhouse0101.wav
vocalize Farm03_path01a	Stay positive, guys! I got a good feeling about this.	player\survivor\voice\manager\zombiegenericshort14.wav
vocalize FrancisSuggestsCrane	Good thinking.	player\survivor\voice\manager\genericresponses10.wav
vocalize hospital02_path03a1	All right, no problem. Now we gotta get out of the subway.	player\survivor\voice\manager\worldhospital0206.wav
vocalize hospital03_path03a1	Hurry up.	player\survivor\voice\manager\worldhospital0421.wav
vocalize hospital04_path02a	It's good for you Bill.  Cardio!	player\survivor\voice\manager\worldhospital0403.wav
vocalize hospital04_path04a	To the elevator!	player\survivor\voice\manager\worldhospital0405.wav
vocalize hospital05_path01b	Works for me.	player\survivor\voice\manager\genericresponses23.wav
vocalize HowitzerBurnEnd00	The fire's out! Let's get across that bridge!	player\survivor\voice\manager\dlc2m1gunend03.wav
vocalize InfoRemc7m1_pretank02	Who? Me?	player\survivor\voice\manager\c6dlc3tankintrainyard05.wav
vocalize InfoRemc7m1_tankcar01a	You're welcome.	player\survivor\voice\manager\c6dlc3intanktraincar03.wav
vocalize IntroCrashR03	We're walkin' AWAY from it, ain't we?	player\survivor\voice\manager\dlc2intro02.wav
vocalize IntroCrashR05	Great. What is it?	player\survivor\voice\manager\dlc2intro08.wav
vocalize IntroCrashR09	For once, we're in complete agreement, Francis.	player\survivor\voice\manager\dlc2intro05.wav
vocalize IntroCrashR10	Well, I guess we're walking.	player\survivor\voice\manager\dlc2intro06.wav
vocalize IntroCrashR13	Uh uh.	player\survivor\voice\manager\no02.wav
vocalize IntroCrashR15	Uh uh.	player\survivor\voice\manager\no02.wav
vocalize IntroCrashR17	Francis, why would you BET that we're doomed?	player\survivor\voice\manager\dlc2intro01.wav
vocalize IntroCrashR22	Look, five minutes ago you hated flying.	player\survivor\voice\manager\dlc2intro07.wav
vocalize IntroCrashR24	That's FUNNY, Francis. Why don't you take your moustache, your little vest and your chaps and go find yourself a PARADE.	player\survivor\voice\manager\dlc2intro09.wav
vocalize IntroCrashR30	Damn. I had a good feeling about that helicopter, too.	player\survivor\voice\manager\dlc2intro12.wav
vocalize IntroCrashR31	On the bright side: look at all the great scenery we'd have missed if we flew over this in a helicopter, huh?	player\survivor\voice\manager\dlc2intro11.wav
vocalize IntroCrashR36	Well, I guess we're walking.	player\survivor\voice\manager\dlc2intro06.wav
vocalize IntroCrashR37	You know what? I don't think we're gonna see a witch from NOW ON. Who wants to bet me?	player\survivor\voice\manager\dlc2misc01.wav
vocalize IntroCrashWalkingB	I got a baaad feeling about this. Ohp. It passed. I think we're gonna be JUST fine.	player\survivor\voice\manager\dlc2intro13.wav
vocalize IntroHospital02	Sounds good.	player\survivor\voice\manager\genericresponses24.wav
vocalize IntroSmalltown	I heard the military was evacuating people to Riverside.	player\survivor\voice\manager\worldsmalltown0101.wav
vocalize IntroSmalltown3	Sounds good to me.	player\survivor\voice\manager\worldfarmhousenpc10.wav
vocalize L4D1_NiceJobPour	Nice job.	player\survivor\voice\manager\nicejob03.wav
vocalize L4D1PlayerNiceShot	Nice one!	player\survivor\voice\manager\niceshot05.wav
vocalize LaughFrancis	[Short laugh]	player\survivor\voice\manager\laughter06.wav
vocalize NamVetWhoAreYou	Come on, Bill, it's Louis!	player\survivor\voice\manager\genericresponses18.wav
vocalize PlayerSuggestHealthBiker	Yo, Francis, come on buddy, heal up.	player\survivor\voice\manager\playersuggesthealthfrancis03.wav
vocalize PlayerSuggestHealthNamVet	Maybe you oughtta heal up.	player\survivor\voice\manager\playersuggesthealth01.wav
vocalize PlayerSuggestHealthTeenGirl	Zoey, you really oughtta heal.	player\survivor\voice\manager\playersuggesthealthzoey01.wav
vocalize RiversideIsDeadB	If we get to the river we can find a boat.	player\survivor\voice\manager\worldsmalltown0402.wav
vocalize SmallTown02_path01b	Interesting true story. In 1975, the local township -	player\survivor\voice\manager\worldsmalltown0212.wav
vocalize smalltown02_path08a	That'll seal the lock.	player\survivor\voice\manager\worldsmalltown0203.wav
vocalize Smalltown04_Path07A	If you ignore the crazy guy and the zombies...nice town.	player\survivor\voice\manager\worldsmalltown0403.wav
vocalize TakeShotgunGroovyLouis	[Short laugh]	player\survivor\voice\manager\laughter16.wav
vocalize TrainUnhookedManager	Heads up!	player\survivor\voice\manager\lookout05.wav
vocalize VampiresBeata	They ain't vampires, man, they're zombies.	player\survivor\voice\manager\generic26.wav
vocalize WorldC6M3_ByBridge01	Get going! Get going!	player\survivor\voice\manager\dlc1_c6m3_l4d1finalebridgerun02.wav
vocalize ZoeySuggestsCrane	Good thinking.	player\survivor\voice\manager\genericresponses10.wav