vocalize _C1M1_ElevatorHello	And you?	player\survivor\voice\coach\worldc1m1b105.wav
vocalize _C4_BigStormHits01	STORM COMIN'!	player\survivor\voice\coach\miscdirectional64.wav
vocalize _C4_BigStormHits02	STICK TOGETHER!	player\survivor\voice\coach\miscdirectional65.wav
vocalize _c4m1_rainresponse	Aw hell. Looks like a bad storm's comin.	player\survivor\voice\coach\worldc4m1b17.wav
vocalize _c4m2_ElevatorHere01	GET YOUR ASSES IN THE ELEVATOR!	player\survivor\voice\coach\worldc4m2b25.wav
vocalize _c4m2_streetblocked01	We gotta head through the sugar mill.	player\survivor\voice\coach\worldc4m2b02.wav
vocalize _c4m2_streetblocked02	We gotta head through the sugar mill.	player\survivor\voice\coach\worldc4m2b02.wav
vocalize AlertGiveItemStop	Hold up now, I got something for you.	player\survivor\voice\coach\alertgiveitemstop02.wav
vocalize c1m1_elevator_ready2	Hit the button before this turns into a bad idea.	player\survivor\voice\coach\worldc1m1b90.wav
vocalize c1m1_enter_elevator	Get in the elevator!	player\survivor\voice\coach\worldc1m1b92.wav
vocalize C1M2GunRoomDoorResponse	Well man-I'll get you your drinks, but you better help us.	player\survivor\voice\coach\worldc1m2b30.wav
vocalize C1M2InsideGunShop2	This here is A LOT of guns.	player\survivor\voice\coach\worldc1m2b29.wav
vocalize C1M2TankerAttack2	Path clear! Let's get to that mall!	player\survivor\voice\coach\worldc1m2b45.wav
vocalize C1M3AlarmOffa	I can still hear it in my head, but I think the alarm is off.	player\survivor\voice\coach\worldc1m3b33.wav
vocalize C1M3SafeRoom2	Keep an eye out for the evac center. Also the food court. I am STARVING.	player\survivor\voice\coach\worldc1m3b01.wav
vocalize c1m4escape	HIT IT!	player\survivor\voice\coach\worldc1m4b36.wav
vocalize c1m4jimmyidea	What do y'all make of this?	player\survivor\voice\coach\lookhere02.wav
vocalize c1m4startelevator	All right, so...Getting' evac'd ain't happening. Anybody got an idea, now's the time.	player\survivor\voice\coach\worldc1m4b03.wav
vocalize C2M1Falling	Whoa...	player\survivor\voice\coach\defibrillator10.wav
vocalize c2m2CarouselEnd	It's off.	player\survivor\voice\coach\worldc2m2b36.wav
vocalize c2m2CarouselStart	Gate's open!	player\survivor\voice\coach\worldc2m2b35.wav
vocalize c2m3CoasterEnd	Okay, alarm's off!	player\survivor\voice\coach\worldc2m3b22.wav
vocalize c2m3CoasterStart	Get ready to run, I'm hittin' it.	player\survivor\voice\coach\worldc2m319.wav
vocalize c2m3SeeChopper	There's a chopper!	player\survivor\voice\coach\worldc2m3b15.wav
vocalize C2M4ButtonPressed	All right, this is gonna open the gate and what the hell else?	player\survivor\voice\coach\worldc2m209.wav
vocalize C2M4SeeChopper	There goes the chopper!	player\survivor\voice\coach\worldc2m3b17.wav
vocalize C2M5_Choppercoming	The chopper saw us!	player\survivor\voice\coach\worldc2m5b105.wav
vocalize C2M5_PlanWorked	The Midnight Riders saved us!	player\survivor\voice\coach\worldc2m5b107.wav
vocalize C2M5Button1	I hit it!	player\survivor\voice\coach\miscdirectional42.wav
vocalize C3M1FerryEnd2	All right, let's get it on.	player\survivor\voice\coach\moveon06.wav
vocalize C3M1FerryLanded2	Everyone on the boat!	player\survivor\voice\coach\worldc3m111.wav
vocalize c3m2disgust	Son of a bitch.	player\survivor\voice\coach\reactionnegative17.wav
vocalize C3M2PlaneDoorOpen	I'm opening this door!	player\survivor\voice\coach\worldc3m2b05.wav
vocalize C3M3BridgeButton	Get ready to run, I'm hittin' it.	player\survivor\voice\coach\worldc2m319.wav
vocalize C3M4Button1	Can anyone hear me?	player\survivor\voice\coach\worldc3m407.wav
vocalize C3M4Button201	Shit, we're at the plantation house.	player\survivor\voice\coach\worldc3m408.wav
vocalize C4FinaleStart	The sign's lit!	player\survivor\voice\coach\worldc4m4b14.wav
vocalize c4m2_elevator_top_button	I hit it!	player\survivor\voice\coach\miscdirectional42.wav
vocalize C5M3FirstInAlarmField	Alarms everywhere, people. Watch yourselves!	player\survivor\voice\coach\worldc5m3b19.wav
vocalize c5m3Jets2	MOTHERF-	player\survivor\voice\coach\worldc5m3b28.wav
vocalize c5m3OnBridge	All right. We all right, y'all. We made it.	player\survivor\voice\coach\transitionclose11.wav
vocalize C5M4BombInt01	SHIT!	player\survivor\voice\coach\worldc5m4b03.wav
vocalize C5M4BombInt02	Shit. Damn, that one was close!	player\survivor\voice\coach\worldc5m4b05.wav
vocalize c5m4floatstart2	Damn, I am too old for this shit.	player\survivor\voice\coach\worldc2m131.wav
vocalize C5M5Button1	Hello!	player\survivor\voice\coach\worldc5m5b10.wav
vocalize C6M1_IntotheparkNoHealth	Health kits, everyone!	player\survivor\voice\coach\dlc1_c6m1_intopark04.wav
vocalize C6M2_OpenGate1	Come on, people, don't stand around, let's go!	player\survivor\voice\coach\dlc1_c6m2_bridge2up03.wav
vocalize C6M2_OpenGate2	Open, let's go!	player\survivor\voice\coach\dlc1_c6m1_alarmdooropen02.wav
vocalize C6M2SafeRoom2	City of Rayford! They used to have a boiled peanut festival here. Good memories.	player\survivor\voice\coach\dlc1_c6m2_saferoomconvo02.wav
vocalize C6M3_BridgeDown	Bridge here, let's go!	player\survivor\voice\coach\dlc1_c6m2_bridge2up01.wav
vocalize InfoRemC3M3LowerGatea	Lower the bridge.	player\survivor\voice\coach\worldc3m308.wav
vocalize PlayerEquippedScavengeItem	I got it.	player\survivor\voice\coach\killconfirmation08.wav
vocalize PlayerGrabbedByTongue	NO...	player\survivor\voice\coach\grabbedbysmoker01b.wav
vocalize PlayerHeardBoomer	Careful now... Boomer.	player\survivor\voice\coach\heardboomer03.wav
vocalize PlayerHeardHunter	Punk ass Hunter around.	player\survivor\voice\coach\heardhunter02.wav
vocalize PlayerHeardSmoker	Sounds like a Smoker.	player\survivor\voice\coach\heardsmoker01.wav
vocalize PlayerHeardTank	I'm gonna beat that Tank's ass.	player\survivor\voice\coach\heardhulk03.wav
vocalize PlayerLostCall	Holler back at me, folks!	player\survivor\voice\coach\lostcall03.wav
vocalize ReviveFriendDownFinal	See you're gonna make it.	player\survivor\voice\coach\revivefriendb12.wav
vocalize ScreamWhilePounced	GET IT OFF.	player\survivor\voice\coach\screamwhilepounced02.wav
vocalize WorldC502AlarmButtonRun	Run!	player\survivor\voice\coach\world10.wav
vocalize WorldIntroC31	No CEDA, No Military.  Stay out.	player\survivor\voice\coach\worldc3m102.wav