vocalize airport03_barriera	Sounds good to me. Let's do it.	player\survivor\voice\namvet\genericresponses20.wav
vocalize AskForHealth2	Francis, buddy, you gonna use that health kit?	player\survivor\voice\namvet\playersuggesthealthspecific01.wav
vocalize C7M1_saferoom15	Zoey... No one here is being left behind..	player\survivor\voice\namvet\c6dlc3intro32.wav
vocalize C7M2_saferoom05	I keep telling you: we're looking for a sail boat.	player\survivor\voice\namvet\c6dlc3firstsaferoom03.wav
vocalize C7M3_saferoom006	Not far at all. We find an island, make it ours. No more army, no more CEDA, no more horseshit.	player\survivor\voice\namvet\c6dlc3secondsaferoom05.wav
vocalize C7M3BridgeBreaks	We ain't safe here! We gotta restart that generator!	player\survivor\voice\namvet\c6dlc3bridgestops06.wav
vocalize CrashFinaleGenerator2OnSpk	Outstanding!	player\survivor\voice\namvet\reactionpositive10.wav
vocalize CrashFinaleGenerator2Speak	Watch my back.	player\survivor\voice\namvet\coverme04.wav
vocalize CrashFinaleGeneratorSpeak	Watch my back.	player\survivor\voice\namvet\coverme04.wav
vocalize CrashFinaleGeneratorUnPressSpeak	Ah shit.	player\survivor\voice\namvet\swears16.wav
vocalize elevatorShortLaugh	[Short laugh]	player\survivor\voice\namvet\laughter14.wav
vocalize EmphaticArriveRun	BUG OUT!	player\survivor\voice\namvet\emphaticrun03.wav
vocalize GettingRevived	Hell if I know.	player\survivor\voice\namvet\gettingrevived04.wav
vocalize HealedByFriend	I owe ya one.	player\survivor\voice\namvet\thanks07.wav
vocalize introFarm	Last thing I heard, there's some kind of military outpost not far from here along the train tracks.	player\survivor\voice\namvet\worldfarmhouseintro12.wav
vocalize IntroFarm4	All right, then, let's do it.	player\survivor\voice\namvet\genericresponses09.wav
vocalize introHospital	We can take the subway tunnels to the hospital.  There's a redline station not far from here.	player\survivor\voice\namvet\worldhospital0112.wav
vocalize PathClearVan	Let's go, people!	player\survivor\voice\namvet\moveon12.wav
vocalize PlaneCrashResponse	Jee-zus...	player\survivor\voice\namvet\violenceawe01.wav
vocalize Player.WarnMegaMobc7m201	Everyone into the chute!	player\survivor\voice\namvet\c6dlc3gravelhill07.wav
vocalize PlayerAreaClear	Clear.	player\survivor\voice\namvet\areaclear04.wav
vocalize PlayerCoverMe	Watch my back	player\survivor\voice\namvet\coverme03.wav
vocalize PlayerNearFinale	Keep it together, people. We're almost home free.	player\survivor\voice\namvet\finaleahead04.wav
vocalize PlayerWarnBoomer	BOOMER!	player\survivor\voice\namvet\warnboomer03.wav
vocalize PlayerWarnHunter	HUNTER!	player\survivor\voice\namvet\warnhunter01.wav
vocalize PlayerWarnSmoker	SMOKER!	player\survivor\voice\namvet\warnsmoker02.wav
vocalize ResponseSoftDispleasureSwear	Dammit.	player\survivor\voice\namvet\swears08.wav
vocalize ReviveBfine	Hell, you're fine.	player\survivor\voice\namvet\revivefriendb07.wav
vocalize ReviveBgo	Come on up.	player\survivor\voice\namvet\revivefriendb09.wav
vocalize ReviveMeInterrupted	Dammit.	player\survivor\voice\namvet\swears08.wav
vocalize RiversideIsDeadPlan	All right, then, let's do it.	player\survivor\voice\namvet\genericresponses09.wav
vocalize ScenarioJoin	Hey, I'm here.	player\survivor\voice\namvet\scenariojoin03.wav
vocalize SurvivorBotNoteHumanAttention	Ready?	player\survivor\voice\namvet\askready02.wav
vocalize ThrewGrenade	GRENADE!!	player\survivor\voice\namvet\grenade06.wav