vocalize airport02_creshendo03	Our dumpster's here! Let's go!	player\survivor\voice\teengirl\worldairport0210.wav
vocalize Airport03FirePathClearX	The path is clear!	player\survivor\voice\teengirl\worldairport0308.wav
vocalize Airport03FireStartedX	This is it!	player\survivor\voice\teengirl\worldhospitalgeneric04.wav
vocalize airport04_08b	They must have been trying to stop the infection from spreading.	player\survivor\voice\teengirl\worldairport0413.wav
vocalize airport04_08c	Holy shit...	player\survivor\voice\teengirl\violenceawe15.wav
vocalize airport04_08d	Right...	player\survivor\voice\teengirl\uncertain12.wav
vocalize BounceReaction	Yeah... yeah, I'm ready to bounce.	player\survivor\voice\teengirl\answerready05.wav
vocalize BridgeCrossAlert	We're good to go! Come on!	player\survivor\voice\teengirl\pathclear02.wav
vocalize BridgeCrossAlertFarm03	We're good to go! Come on!	player\survivor\voice\teengirl\pathclear02.wav
vocalize C6M1Intro_03a	Sorry, can't! We got wounded up here. If you can get to the other side of the bridge, we can help you can get it down.	player\survivor\voice\teengirl\dlc1_c6m1_initialmeeting01.wav
vocalize C6M1Intro_04a	Generator's out on the other side!	player\survivor\voice\teengirl\dlc1_c6m1_initialmeeting03.wav
vocalize C6M1Intro_04c	Sorry, can't! We got wounded up here. If you can get to the other side of the bridge, we can help you can get it down.	player\survivor\voice\teengirl\dlc1_c6m1_initialmeeting04.wav
vocalize C6M1Intro_11b	Sorry man, no can do. Generator's out. Get to the other side of the river and we can help you get it down.	player\survivor\voice\teengirl\dlc1_c6m1_initialmeeting07.wav
vocalize C6M1Intro_13d	You are going to need to get to the other side of the bridge. We can help you there.	player\survivor\voice\teengirl\dlc1_c6m1_initialmeeting10.wav
vocalize C6M1Intro_15b	Boohoo hoo, I don't know what to do… Go to hell, Colonel Sanders.	player\survivor\voice\teengirl\dlc1_c6m1_initialmeeting13.wav
vocalize C6M1Intro_15d	I could shoot you where you stand.	player\survivor\voice\teengirl\dlc1_c6m1_initialmeeting15.wav
vocalize C6M1Intro_17a	I'm sorry, there really isn't. If you can get to the other side of the river we can help you lower it. But we lost a man and another's hurt, we really can't do it by ourselves.	player\survivor\voice\teengirl\dlc1_c6m1_initialmeeting16.wav
vocalize C6M1Intro_17c	Sorry, good luck?	player\survivor\voice\teengirl\dlc1_c6m1_initialmeeting18.wav
vocalize C6M1Intro_22b	Yeah, I know that feeling.	player\survivor\voice\teengirl\dlc1_c6m1_initialmeeting23.wav
vocalize C6M1Intro_22d	Sorry, can't. We lost a guy and another's injured. If you can find another way over, we can help you get the bridge down.	player\survivor\voice\teengirl\dlc1_c6m1_initialmeeting22.wav
vocalize C6M1Intro_22g	Good luck.	player\survivor\voice\teengirl\dlc1_c6m1_initialmeeting24.wav
vocalize C6M1Intro_23a	Umm, no, I can't.	player\survivor\voice\teengirl\dlc1_c6m1_initialmeeting28.wav
vocalize C6M1Intro_23c	Uh, no... Generator is out of gas. If you get over to the other side and fill it up, we can cover you. Best I can offer.	player\survivor\voice\teengirl\dlc1_c6m1_initialmeeting26.wav
vocalize c6m3_outroL4D101a	Yeah, but... it's us three now.	player\survivor\voice\teengirl\dlc1_c6m3_l4d1finalecinematic01.wav
vocalize c6m3_outroL4D102b	Don't worry, they won't be the last.	player\survivor\voice\teengirl\dlc1_c6m3_l4d1finalecinematic02.wav
vocalize c6m3_outroL4D103a	No. It's hard enough out there.	player\survivor\voice\teengirl\dlc1_c6m3_l4d1finalecinematic03.wav
vocalize c6m3_outroL4D104a	Francis, it's nice to see you still have that in you.	player\survivor\voice\teengirl\dlc1_c6m3_l4d1finalecinematic08.wav
vocalize c6m3_outroL4D105a	Where? At the mall?	player\survivor\voice\teengirl\dlc1_c6m3_l4d1finalecinematic12.wav
vocalize c6m3_outroL4D107a	Yeah, for about 10 minutes.	player\survivor\voice\teengirl\dlc1_c6m3_l4d1finalecinematic14.wav
vocalize c6m3_outroL4D109a	Sure you are, Francis, sure you are.	player\survivor\voice\teengirl\dlc1_c6m3_l4d1finalecinematic22.wav
vocalize C7M1_saferoom02	Yeah, or Bill'll leave you behind.	player\survivor\voice\teengirl\c6dlc3intro01.wav
vocalize C7M1_saferoom09b	Whatever.	player\survivor\voice\teengirl\c6dlc3intro06.wav
vocalize C7M1_saferoom10a	Sure. Whatever.	player\survivor\voice\teengirl\c6dlc3intro10.wav
vocalize C7M1_saferoom11	Those people still dead?	player\survivor\voice\teengirl\c6dlc3intro12.wav
vocalize C7M1_saferoom15a	Sure. It's the rest of the world we can just let die.	player\survivor\voice\teengirl\c6dlc3intro14.wav
vocalize C7M1_saferoom18	I'd like to put it to a vote that maybe we shouldn't go rot on an island in the middle of nowhere, and actually, you know, help everybody else fight the zombies?	player\survivor\voice\teengirl\c6dlc3intro15.wav
vocalize C7M1_saferoom19a	Louis, you of all people should understand.	player\survivor\voice\teengirl\c6dlc3intro17.wav
vocalize C7M1_saferoom20a	How can you be sure?	player\survivor\voice\teengirl\c6dlc3intro18.wav
vocalize C7M1_saferoom23	Great maybe we can meet some new people and leave them behind.	player\survivor\voice\teengirl\c6dlc3intro23.wav
vocalize c7m1opentankdoorspeakTeenGirl	I cannot believe I am doing this.	player\survivor\voice\teengirl\c6dlc3openingdoor05.wav
vocalize C7M2_saferoom01	I really don't want to hear it.	player\survivor\voice\teengirl\c6dlc3firstsaferoom01.wav
vocalize C7M2_saferoom01b	Bill, I'm not ready to give up on everything yet.	player\survivor\voice\teengirl\c6dlc3firstsaferoom02.wav
vocalize C7M2_saferoom05b	Because, Francis... hey, yeah, what the hell, Bill?	player\survivor\voice\teengirl\c6dlc3firstsaferoom03.wav
vocalize C7M3_saferoom004b	Ohhhh. Boo.	player\survivor\voice\teengirl\c6dlc3secondsaferoom01.wav
vocalize C7M3_saferoom005	A month ago? I would have picked ten zombie movies. Now? Like, ten documentaries on how to build shelter, catch food and make toilet paper.	player\survivor\voice\teengirl\c6dlc3secondsaferoom03.wav
vocalize C7M3_saferoom006c	No more human race...	player\survivor\voice\teengirl\c6dlc3secondsaferoom05.wav
vocalize C7M3_saferoom007	In most movies they sink.	player\survivor\voice\teengirl\c6dlc3secondsaferoom06.wav
vocalize C7M3_saferoom007b	I think that means we're safe.	player\survivor\voice\teengirl\c6dlc3secondsaferoom07.wav
vocalize C7M3_saferoom016	That's the spirit, Louis!	player\survivor\voice\teengirl\c6dlc3secondsaferoom08.wav
vocalize C7M3_saferoom016c	I hate putting the lotion in the basket.	player\survivor\voice\teengirl\c6dlc3secondsaferoom10.wav
vocalize ConceptBlock032	Hey! Jerkass. Why don't you just open the goddamn door?	player\survivor\voice\teengirl\worldsmalltown03npc03.wav
vocalize ConceptBlock035	What?	player\survivor\voice\teengirl\genericresponses02.wav
vocalize ConceptBlock037	What a dick.	player\survivor\voice\teengirl\worldairport05npc07.wav
vocalize ConceptBlock052	What?	player\survivor\voice\teengirl\genericresponses02.wav
vocalize ConceptBlock519	Hello!	player\survivor\voice\teengirl\scenariojoin12.wav
vocalize ConceptBlock538	Let's go.	player\survivor\voice\teengirl\answerready04.wav
vocalize ConceptBlock585	Hello!	player\survivor\voice\teengirl\scenariojoin12.wav
vocalize ConceptBlock620	You're an optimist. I'll give you that, Louis.	player\survivor\voice\teengirl\generic15.wav
vocalize ConceptBlock622	What?	player\survivor\voice\teengirl\genericresponses02.wav
vocalize ConceptBlock643	Oops, sorry.	player\survivor\voice\teengirl\sorry13.wav
vocalize ConceptBlock647	Game over, man! Game over!	player\survivor\voice\teengirl\genericresponses37.wav
vocalize ConceptBlock649	[Short laugh]	player\survivor\voice\teengirl\laughter20.wav
vocalize ConceptBlock654	So um... yeah.	player\survivor\voice\teengirl\worldhospital0401.wav
vocalize ConceptBlock657	Louis!	player\survivor\voice\teengirl\namelouis10.wav
vocalize ConceptBlock661	[Hearty laugh]	player\survivor\voice\teengirl\laughter11.wav
vocalize ConceptBlock662	[Laugh]	player\survivor\voice\teengirl\positivenoise02.wav
vocalize crashcourse01_path01zresp	He was a ZOMBIE, Francis!	player\survivor\voice\teengirl\dlc2misc03.wav
vocalize CrashCourseI01	Could be a way out of here.	player\survivor\voice\teengirl\dlc2m2saferoom03.wav
vocalize CrashCourseR01	Yeah. Birds are dicks.	player\survivor\voice\teengirl\dlc2birdhate01.wav
vocalize CrashCourseR03	The pilot was a zombie, Francis!	player\survivor\voice\teengirl\dlczombietruck01.wav
vocalize CrashCourseR06	Canada? Francis, we're in Pennsylvania.	player\survivor\voice\teengirl\dlc2riverside01.wav
vocalize CrashCourseR10	Heh. Farting.	player\survivor\voice\teengirl\dlc2gastanks03.wav
vocalize CrashCourseR11	Unless it's Lasagna Mondays. I love lasagna.	player\survivor\voice\teengirl\dlc2bulletinboard02.wav
vocalize CrashCourseR12	Man, I love steam.	player\survivor\voice\teengirl\dlc2steam01.wav
vocalize CrashCourseR14	Zombie, Francis! He. Was. A. ZOMBIE!	player\survivor\voice\teengirl\dlc2misc07.wav
vocalize CrashFinaleGeneratorBreakSpk	POWER'S OUT!	player\survivor\voice\teengirl\dlc2m2finalebreak101.wav
vocalize CrashFinaleTruckReadySpk	The truck's down! Get in!	player\survivor\voice\teengirl\dlc2m2finaletruckdown01.wav
vocalize CrashFinaleTruckResp01	That lift's not going anywhere until we power up the generator.	player\survivor\voice\teengirl\dlc2m2finalesetup02.wav
vocalize CrashFinaleTruckResp02	I want that truck.	player\survivor\voice\teengirl\dlc2m2directional08.wav
vocalize elevator_conversation	I can't get over how fast they all are. It's not even fair! I'm calling zombie bullshit on that, you know? They're not allowed to be so fast.	player\survivor\voice\teengirl\generic26.wav
vocalize FrancisSuggestsCrane	Good thinking, Francis!	player\survivor\voice\teengirl\worldairport0230.wav
vocalize HowitzerBurnEnd00	The fire's out!	player\survivor\voice\teengirl\dlc2m1gunend01.wav
vocalize HowitzerBurnEnd02	Everybody across the bridge!	player\survivor\voice\teengirl\dlc2m1gunend02.wav
vocalize InfoReminfo_powerboat4	Francis,you do know what a sail boat looks like, right?	player\survivor\voice\teengirl\c6dlc3otherboats01.wav
vocalize IntroAirport	Flying out of this place would be a lot easier than walking.	player\survivor\voice\teengirl\worldairportintro05.wav
vocalize IntroAirport01zb	We can't stay up here forever.	player\survivor\voice\teengirl\worldairportintro07.wav
vocalize introC6M1	Hello down there!	player\survivor\voice\teengirl\dlc1_c6m1_initialmeeting19.wav
vocalize IntroCrashR01	*sigh* Do you HATE them?	player\survivor\voice\teengirl\dlc2intro06.wav
vocalize IntroCrashR07	You what? [real concern] Francis, are you alright?	player\survivor\voice\teengirl\dlc2intro08.wav
vocalize IntroCrashR09	Seconded. What the hell?	player\survivor\voice\teengirl\dlc2intro07.wav
vocalize IntroCrashR10	Well, boys, I guess we're walking.	player\survivor\voice\teengirl\dlc2intro10.wav
vocalize IntroCrashR11	The shitty pilot store?	player\survivor\voice\teengirl\dlc2intro05.wav
vocalize IntroCrashR19	He turned into a zombie, Francis! He wasn't gonna LAND the thing!	player\survivor\voice\teengirl\dlc2intro01.wav
vocalize IntroCrashR28	He was a ZOMBIE, Francis!	player\survivor\voice\teengirl\dlc2misc03.wav
vocalize IntroCrashR33	Well, boys, I guess we're walking.	player\survivor\voice\teengirl\dlc2intro10.wav
vocalize IntroCrashR34	A zombie chopper pilot? UGH! You have GOT to be kidding me! We were almost home free, damn it!	player\survivor\voice\teengirl\dlc2intro03.wav
vocalize IntroCrashR35	OK, important safety tip: don't get in a helicopter with a zombie pilot.	player\survivor\voice\teengirl\dlc2intro02.wav
vocalize IntroCrashR39	You're an optimist. I'll give you that, Louis.	player\survivor\voice\teengirl\generic15.wav
vocalize IntroCrashWalking	Well, boys, I guess we're walking.	player\survivor\voice\teengirl\dlc2intro10.wav
vocalize IntroHospital02	Well, I guess we're going to the hospital.	player\survivor\voice\teengirl\worldhospitalintro01.wav
vocalize IntroSmalltown	I heard the military was holding out in Riverside.	player\survivor\voice\teengirl\worldsmalltown0103.wav
vocalize IntroSmallTown2	Unless anyone has a better plan, I say we head there.	player\survivor\voice\teengirl\worldsmalltownintro04.wav
vocalize LaughFrancis	[Nervous laugh]	player\survivor\voice\teengirl\laughter16.wav
vocalize NamVetWhoAreYou	Bill, it's Zoey!	player\survivor\voice\teengirl\genericresponses21.wav
vocalize PanicEvent	Dammit.	player\survivor\voice\teengirl\swear10.wav
vocalize PlayerReloading	I'm Reloading!	player\survivor\voice\teengirl\reloading04.wav
vocalize PlayerSuggestHealthBiker	Francis, you might want to heal.	player\survivor\voice\teengirl\playersuggesthealthspecific05.wav
vocalize PlayerSuggestHealthManager	You should heal up.	player\survivor\voice\teengirl\suggesthealth01.wav
vocalize PlayerSuggestHealthNamVet	Bill, use your first aid kit.	player\survivor\voice\teengirl\suggesthealthbill01.wav
vocalize ResponseTougherFriends	Yep.	player\survivor\voice\teengirl\yes17.wav
vocalize ResponseTwoLeftShit	Shit.	player\survivor\voice\teengirl\swear14.wav
vocalize ResponseWeCanStill	YESSS!	player\survivor\voice\teengirl\taunt21.wav
vocalize SurvivorBotAttractPlayerForThrow	Helloooo?	player\survivor\voice\teengirl\lostcall06.wav
vocalize SurvivorBotTakeThisItem	Take this, good luck.	player\survivor\voice\teengirl\dlc1_c6m3_l4d1finalefinalgas03.wav
vocalize TakeShotgunGroovyZoey	[Short laugh]	player\survivor\voice\teengirl\laughter18.wav
vocalize TrainUnhookedTeenGirl	Okay.	player\survivor\voice\teengirl\nicejob51.wav
vocalize WorldC6M3_ByBridge01	Go! We'll hold them off.	player\survivor\voice\teengirl\dlc1_c6m3_l4d1finalebridgerun06.wav
vocalize WorldC6M3_ByBridge01Ellis	Ellis, the car's calling!	player\survivor\voice\teengirl\dlc1_c6m3_l4d1finalebridgerun07.wav