vocalize _C1M1_ElevatorHello01a	People just call me Coach.	player\survivor\voice\coach\worldc1m1b98.wav
vocalize _C1M1_ElevatorHello01c	Settle down, son. We're going to be okay. What's your name?	player\survivor\voice\coach\worldc1m1b104.wav
vocalize _C1M1_ElevatorHello01d	Coach.	player\survivor\voice\coach\worldc1m1b103.wav
vocalize _C1M1_ElevatorHello02b	No, I'm good.	player\survivor\voice\coach\worldc1m1b121.wav
vocalize _C1M1_ElevatorHello03b	My friends call me Coach. I guess y'all can do the same.	player\survivor\voice\coach\worldc1m1b97.wav
vocalize _C1M1_ElevatorHello05c	Let's stay together... for a little longer at least. Okay, Nick?	player\survivor\voice\coach\worldc1m1b111.wav
vocalize _c1m4startelevator4b	Son, you got a DEAL.	player\survivor\voice\coach\worldc1m4b01.wav
vocalize _c1m4startelevatorLast	Soon as these doors open, get ready to MOVE.	player\survivor\voice\coach\worldc1m4b09.wav
vocalize _C2M1_Fall01	Damn, I am too old for this shit.	player\survivor\voice\coach\worldc2m131.wav
vocalize _C2M1_Fall02	Nah, hell no.	player\survivor\voice\coach\worldc2m132.wav
vocalize _c2m1_searchlights01	That there's Whispering Oaks.	player\survivor\voice\coach\worldc2m122.wav
vocalize _c2m1_searchlights02	There's still searchlights on. I'd say that's a good sign.	player\survivor\voice\coach\worldc2m2b02.wav
vocalize _c2m1_searchlights03	We'll head towards the searchlights. If there's an evac, it'll be there.	player\survivor\voice\coach\worldc2m2b01.wav
vocalize _C2M1abandoned01	Maybe they left 'em when they got rescued.	player\survivor\voice\coach\worldc2m1b02.wav
vocalize _C2M1Billboard	Hey, Whisperin' Oaks! Shit, I used to go there when I was a kid!	player\survivor\voice\coach\worldc2m1b03.wav
vocalize _C2M2_Bathroom01	Oh. Ahh sorry, Ro.	player\survivor\voice\coach\worldc2m201.wav
vocalize _C2M2_CaroStart03	Shit. That thing's makin' a racket!	player\survivor\voice\coach\worldc2m216.wav
vocalize _C2M2_Kiddie01	Sometimes it feels like we're babysitting, doesn't it?	player\survivor\voice\coach\worldc2m2b29.wav
vocalize _C2M2_SeeSafehouse01	Oh yeah...Tunnel of Love.	player\survivor\voice\coach\worldc2m218.wav
vocalize _c2m3_coaster01	Running the Screaming Oak...now don't that beat all...	player\survivor\voice\coach\worldc2m312.wav
vocalize _c2m3_coaster05	No, this ain't gonna be cool. You ain't right in the head boy.	player\survivor\voice\coach\worldc2m311.wav
vocalize _c2m3_coaster08	Running the Screaming Oak...now don't that beat all...	player\survivor\voice\coach\worldc2m312.wav
vocalize _c2m3_hole01	All right, let's do this together.	player\survivor\voice\coach\worldc2m306.wav
vocalize _c4m1Intro05	What gun bag? Oh for-TELL ME we didn't forget the guns.	player\survivor\voice\coach\worldc4m1b06.wav
vocalize _c4m1Intro09	Look here, the gas station's right across the street. We coulda already been there and back by now. Come on.	player\survivor\voice\coach\worldc4m1b01.wav
vocalize _c4m1Intro14	No.	player\survivor\voice\coach\no11.wav
vocalize _c4m1Intro22	We should be in and out here. Get the gas, get back to shore, signal Virgil with the flare gun in the gun bag. Then we just, uh... um... aw, HELL. Tell me SOMEONE brought the GUN BAG.	player\survivor\voice\coach\worldc4m1b07.wav
vocalize _c4m2_gasinside01	Cool. Let's go get it.	player\survivor\voice\coach\worldc4m2b32.wav
vocalize _c4m2_seestation01	Through the cane field!	player\survivor\voice\coach\worldc4m2b19.wav
vocalize _c4m2_waterpool02	We already got plague. Maybe the Lord'll let us slide on the flood.	player\survivor\voice\coach\worldc4m2b07.wav
vocalize _c4m2_Witchville05	Maybe the rain brings 'em out.	player\survivor\voice\coach\worldc4m2b12.wav
vocalize _C4M3_FLOODED01	All that sugar... it's a goddamn tragedy, is what it is.	player\survivor\voice\coach\miscdirectional61.wav
vocalize _c4m3_rain01	I told ya these storms come up quick.	player\survivor\voice\coach\worldc4m3b09.wav
vocalize _C4M5_BoatComing01	THERE'S VIRGIL!	player\survivor\voice\coach\worldc4m4b19.wav
vocalize _C4M5_FinaleStart01	Please be watchin', Virgil.	player\survivor\voice\coach\worldc4m4b15.wav
vocalize _C4M5_Intro03	If we fire up the Burger Tank sign, Virgil might see it.	player\survivor\voice\coach\worldc4m4b11.wav
vocalize _introc1m1a03	HEYYY! COME BACK! COME-ahh, he ain't comin' back.	player\survivor\voice\coach\worldc1m1b01.wav
vocalize _introc1m1a05	Gotta agree. Let's follow them to the mall.	player\survivor\voice\coach\worldc1m1b16.wav
vocalize _introc1m1b01	Hey! There's still people on the roof! Get BACK HERE!	player\survivor\voice\coach\worldc1m1b03.wav
vocalize _introc1m1b04	Looked like it was headin' to the mall across town.	player\survivor\voice\coach\worldc1m1b12.wav
vocalize c1m1_elevator_door_open	[Coughing from smoke]	player\survivor\voice\gambler\cough01.wav
vocalize C1M1_ElevatorHello01_02G1	People just call me Coach.	player\survivor\voice\coach\worldc1m1b98.wav
vocalize C1M1_ElevatorHello01_02G4	Boy, you are WEARIN' me out.	player\survivor\voice\coach\ellisinterrupt01.wav
vocalize C1M1_ElevatorHello01_02G5	Who'd we lose?	player\survivor\voice\coach\worldc1m1b114.wav
vocalize C1M1_ElevatorHello01_02M6	Little man, we are goin' to miss you.	player\survivor\voice\coach\survivormournmechanicc102.wav
vocalize C1M1_ElevatorHello01_03a4	People just call me Coach.	player\survivor\voice\coach\worldc1m1b98.wav
vocalize C1M1_ElevatorHello01_03a5	Who'd we lose?	player\survivor\voice\coach\worldc1m1b114.wav
vocalize C1M1_ElevatorHello01_03b3	People just call me Coach.	player\survivor\voice\coach\worldc1m1b98.wav
vocalize C1M1_ElevatorHello01_03b4	Who'd we lose?	player\survivor\voice\coach\worldc1m1b114.wav
vocalize C1M1_ElevatorHello01_03b6	I think it was Ellis.	player\survivor\voice\coach\worldc1m1b116.wav
vocalize C1M2SafeRoomb2	Mister... I don't think I like your attitude.	player\survivor\voice\coach\worldc1m1b14.wav
vocalize C1M3SafeRoom2c	CEDA's gotta be around here somewhere. Let's find this evac and get out of here.	player\survivor\voice\coach\worldc1m3b05.wav
vocalize C1M4NearFinale03a	Yeah, true that.	player\survivor\voice\coach\worlddead02.wav
vocalize C1M4NearFinale03b	Nah, hell no.	player\survivor\voice\coach\worldc2m132.wav
vocalize C1M4SafeRoom2a1	Ohh heyyy! Jimmy Gibbs!	player\survivor\voice\coach\worldc1m3b22.wav
vocalize C1M4SafeRoom2a3	Well, trust me-in these parts? He's as famous as... Elvis. Or the President.	player\survivor\voice\coach\worldc1m3b24.wav
vocalize C1M4SafeRoom2a5	Get your ass movin', Nick.	player\survivor\voice\coach\worldc5m3b30.wav
vocalize C1M4SafeRoom2b5	Amen.	player\survivor\voice\coach\worldc1m3b04.wav
vocalize C2M1Intro002	Hell, it got us this far. We'll find another way to N'awlins.	player\survivor\voice\coach\worldc2m1b01.wav
vocalize C2M3Chopper001	There's a chopper!	player\survivor\voice\coach\worldc2m3b15.wav
vocalize C2M4Chopper001	There's that chopper again!	player\survivor\voice\coach\worldc2m3b16.wav
vocalize C2M5_Button2Yell	This music IS GREAT!	player\survivor\voice\coach\worldc2m5b67.wav
vocalize C2M5_lipsync001	You mock because you're jealous, Nick. These men are living legends.	player\survivor\voice\coach\worldc2m5b24.wav
vocalize C3M1FerryInTransit	Boat's almost here!	player\survivor\voice\coach\worldc3m109.wav
vocalize C3M3SafeRoom2b2	All right, this just makes me sad.	player\survivor\voice\coach\worldc3m301.wav
vocalize C3M4GateBlow01	Oh shit! Gate open!	player\survivor\voice\coach\worldc3m4b07.wav
vocalize c4m1_InBurgerTank01	I could go for a BBQ bacon burger.	player\survivor\voice\coach\worldc4m107.wav
vocalize c4m1_nogas01	Next gas two miles. Looks like Virgil's gonna be waitin' a bit longer than he thought.	player\survivor\voice\coach\worldc4m1b08.wav
vocalize c4m1_nogas03	Because if they DON'T, we gonna be stuck here forever, Nick.	player\survivor\voice\coach\worldc4m1b12.wav
vocalize c4m1_nogas06	Let's just get this done and head back.	player\survivor\voice\coach\worldc4m1b14.wav
vocalize c4m1_nogas10	Let's head to this Ducatel diesel.	player\survivor\voice\coach\worldc4m1b11.wav
vocalize C5M1_intro002	Thanks, Virgil. You stay safe, brother.	player\survivor\voice\coach\worldc5m1b01.wav
vocalize C5M1_intro005	We made it REAL damn far, people. I'm proud of you. Now let's just cross that last mile.	player\survivor\voice\coach\worldc5m1b02.wav
vocalize C5M1_intro008	Oh yeah. Our goal is right next to the bridge, ON THE OTHER MOTHER F'IN SIDE OF THE RIVER!	player\survivor\voice\coach\world02.wav
vocalize C5M1_intro010	We made it REAL damn far, people. I'm proud of you. Now let's just cross that last mile.	player\survivor\voice\coach\worldc5m1b02.wav
vocalize C5M1Flyby03	It means they haven't abandoned New Orleans. C'mon, let's move!	player\survivor\voice\coach\worldc5m1b08.wav
vocalize C5M2_signcontagious01	It sure is.	player\survivor\voice\coach\worldsigns07.wav
vocalize C5M2Freeway01	All right, then, let's follow it!	player\survivor\voice\coach\worldc5m2b03.wav
vocalize C5M3Bodies01	How does bein' so right feel, Nick?	player\survivor\voice\coach\worldc5m2b06.wav
vocalize C5M3Bodies03	I don't know shit. We gonna keep movin'.	player\survivor\voice\coach\worldc5m2b05.wav
vocalize C5M3Freeway01	Bridge can't be too far now.	player\survivor\voice\coach\worldc5m3b03.wav
vocalize C5M3SeeGraveyard02	Get your ass movin', Nick.	player\survivor\voice\coach\worldc5m3b30.wav
vocalize C5M3Sniper01	Man, I hope not.	player\survivor\voice\coach\worldc5m3b13.wav
vocalize C5M4BombInt01A	Man, they're lighting up this whole place. We gotta get to the bridge.	player\survivor\voice\coach\worldc5m4b01.wav
vocalize C5M4BombInt03	STOP BOMBING US.	player\survivor\voice\coach\worldc5m4b02.wav
vocalize C6M1Intro_04b	Y'all can't climb down there and save us a trip?	player\survivor\voice\coach\dlc1_c6m1_initialmeeting02.wav
vocalize C6M1Intro_08a	Got it. We'll holla back at you when we get there.	player\survivor\voice\coach\dlc1_c6m1_initialmeeting03.wav
vocalize C6M1Intro_13b	You been killin' zombies for the better part of two days, boy you can talk to a girl.	player\survivor\voice\coach\dlc1_c6m1_initialmeeting04.wav
vocalize C6M1Intro_13e	Okay, the boy says thank you.	player\survivor\voice\coach\dlc1_c6m1_initialmeeting05.wav
vocalize C6M1Intro_21a	Tell me this boy ain't for real.	player\survivor\voice\coach\dlc1_c6m1_initialmeeting07.wav
vocalize C6M1Intro_21b	No. Can you lower the bridge?	player\survivor\voice\coach\dlc1_c6m1_initialmeeting06.wav
vocalize C6M1Intro_21d	Shit, okay. Yes, we are vampires? All of us are vampires?	player\survivor\voice\coach\dlc1_c6m1_initialmeeting09.wav
vocalize C6M1Intro_21g	Dear Lord, why'd I ever leave Savannah.	player\survivor\voice\coach\dlc1_c6m1_initialmeeting10.wav
vocalize C6M1TakeSubMachineGun01	Nick, you gotta pull yourself together.	player\survivor\voice\coach\dlc1_c6m1_intostore04.wav
vocalize coachcoaches	Keep it up, come on, keep it up, keep it up. You're gonna make it.	player\survivor\voice\coach\goingtodier07.wav
vocalize DLC1_C6M2_SafeRoomConvo01a	Nick. Son. I think we got bigger problems.	player\survivor\voice\coach\dlc1_c6m2_saferoomconvo01.wav
vocalize DLC1_C6M2_SafeRoomConvo09a	Oh, come on, you aren't afraid of a little dirt are you?	player\survivor\voice\coach\dlc1_c6m2_saferoomconvo03.wav
vocalize DLC1_C6M2_SafeRoomConvo12b	You damn right. Under a river.	player\survivor\voice\coach\dlc1_c6m2_saferoomconvo05.wav
vocalize DLC1_C6M2_SafeRoomConvo12d	Uh, historical shit. Man, how am I supposed to know? I ain't been there yet.	player\survivor\voice\coach\dlc1_c6m2_saferoomconvo06.wav
vocalize DLC1_C6M2_SafeRoomConvo13b	Man, Nick, you got a find a way to cheer your ass up. We ain't got much to look forward to.	player\survivor\voice\coach\dlc1_c6m2_saferoomconvo08.wav
vocalize DLC1_C6M2_SafeRoomConvo13d	There you go, Nick. Stay positive.	player\survivor\voice\coach\dlc1_c6m2_saferoomconvo09.wav
vocalize DLC1_C6M2_SafeRoomConvo14d	Oh. In my heart, I'm there already.	player\survivor\voice\coach\dlc1_c6m2_saferoomconvo11.wav
vocalize DLC1_C6M2_SafeRoomConvo15b	Man, I keep hoping we find an open Burger Tank.	player\survivor\voice\coach\dlc1_c6m2_saferoomconvo12.wav
vocalize DLC1_C6M2_SafeRoomConvo16a1	Ellis, you do know that eventually we're gonna have to leave that car behind. Right?	player\survivor\voice\coach\dlc1_c6m2_saferoomconvo13.wav
vocalize DLC1_C6M2_SafeRoomConvo16e	Boy, the Military ain't exactly going to strap it to the bottom of a helicopter.	player\survivor\voice\coach\dlc1_c6m2_saferoomconvo14.wav
vocalize DLC1_C6M2_SafeRoomConvo18c	Girl! What are you doing?	player\survivor\voice\coach\dlc1_c6m2_saferoomconvo15.wav
vocalize DLC1_C6M2_SafeRoomConvo18e	Listen, if you let your guard down for one minute… we all pay the price.	player\survivor\voice\coach\dlc1_c6m2_saferoomconvo16.wav
vocalize DLC1_C6M2_SafeRoomConvo19b	I bet I'm losin' some serious weight! Two more days, I'll be takin' my belt in a notch.	player\survivor\voice\coach\dlc1_c6m2_saferoomconvo18.wav
vocalize DLC1_C6M2_SafeRoomConvo19d	Man, I forgot about that.	player\survivor\voice\coach\dlc1_c6m2_saferoomconvo19.wav
vocalize HistoricTour02a	I don't know, goes under the river.	player\survivor\voice\coach\dlc1_c6m1_historicsign06.wav
vocalize InfoRemc3m2_parachutist2	Shit, why would you ever jump out of a plane?	player\survivor\voice\coach\worldc3m203.wav
vocalize introC6M1	Hey, hello there! You wanna let the bridge down for us?	player\survivor\voice\coach\dlc1_c6m1_initialmeeting01.wav
vocalize Player.CoverMeC1RCoach2	I ain't never done this before.	player\survivor\voice\coach\covermec1rcoach01.wav
vocalize Player.TakeBatR	You play ball, Nick?	player\survivor\voice\coach\takemeleer01.wav
vocalize PlayerSuggestHealthGambler	Nick, you should use that kit on your self.	player\survivor\voice\coach\suggesthealthnick02.wav
vocalize PlayerSuggestHealthMechanic	Ellis, time for you to heal, boy.	player\survivor\voice\coach\suggesthealthellis01.wav
vocalize PlayerSuggestHealthProducer	Girl, time for you to heal up.	player\survivor\voice\coach\suggesthealthrochell03.wav
vocalize WeddingWitchDead01	You got problems, boy. Deep down problems.	player\survivor\voice\coach\dlc1_c6m1_weddingwitchdead01.wav
vocalize WeddingWitchDead02	Yeah, that shit was creeping me out.	player\survivor\voice\coach\dlc1_c6m1_weddingwitchdead03.wav
vocalize WorldC3M1FerryCrossingA01	I normally stay the hell away from swamps on principle.  You remember that movie with that golfer that got his hand ate by a gator?  That shit's real.	player\survivor\voice\coach\worldc3m122.wav
vocalize WorldC3M1FerryCrossingD01	I don't think anyone likes the swamp.	player\survivor\voice\coach\worldc3m103.wav
vocalize WorldC3M1FerryCrossingD02	Hell. Sometimes it's best not to find out what you don't know.	player\survivor\voice\coach\worldc3m123.wav
vocalize WorldC3M1FerryCrossingE03	I seen that movie. It don't end well.	player\survivor\voice\coach\worldc3m114.wav
vocalize WorldC3M1FerryCrossingG01	Though I walk through the valley of the shadow of death, I will fear no evil.	player\survivor\voice\coach\worldc3m116.wav
vocalize WorldC3M1FerryCrossingG03	Nick, we're goin into a swamp filled with zombies.  Y'all want me to lie to ya?	player\survivor\voice\coach\worldc3m118.wav
vocalize WorldC3M1FerryCrossingI03	Heh, all right. Look at you, young'un, givin' Nick some shit right back.	player\survivor\voice\coach\worldc3m120.wav
vocalize WorldC3M1Walkways2	Girls got the right idea.	player\survivor\voice\coach\worldc3m128.wav
vocalize WorldC502NotZombies2	Shit got bad here.	player\survivor\voice\coach\worlddead04.wav
vocalize WorldC502NotZombies3b	Yeah, true that.	player\survivor\voice\coach\worlddead02.wav
vocalize WorldC502Smell2	Smells like people have been living here and shit.	player\survivor\voice\coach\worlddead01.wav
vocalize WorldC6M1_HistoricTour	Sign says there's an under-the-river tour, that'll get us across.	player\survivor\voice\coach\dlc1_c6m1_historicsign03.wav
vocalize WorldC6M1_PostWedding01a	No, Ellis.	player\survivor\voice\coach\dlc1_c6m1_weddingpostwitch01.wav
vocalize WorldC6M1_WeddingWarn03a	Come on, Nick, not the time.	player\survivor\voice\coach\dlc1_c6m1_weddingwitch01.wav
vocalize WorldC6M1_WeddingWarn04a	Man, I hope we don't see a Tank in a tuxedo.	player\survivor\voice\coach\dlc1_c6m1_weddingwitch02.wav
vocalize WorldC6M2_InSewer101a	Nick, my man, face it. We are walkin' through shit.	player\survivor\voice\coach\dlc1_c6m2_phase2inwater01.wav
vocalize WorldC6M2_InSewer102a	Nick, if I give you a piggy back ride, will you shut up about the sewer?	player\survivor\voice\coach\dlc1_c6m2_phase2inwater06.wav
vocalize WorldC6M2_InSewer202a	Oh, Jesus! Ellis!	player\survivor\voice\coach\dlc1_c6m2_phase2inwater07.wav
vocalize WorldC6M2_InSewerLadder101a	Oh, come on! Jesus! Ellis!	player\survivor\voice\coach\dlc1_c6m2_phase2inwater08.wav
vocalize WorldC6M2_OnTourWalk101c	Yeah. It's a shithole.	player\survivor\voice\coach\dlc1_c6m2_historictour02.wav
vocalize WorldC6M2_OnTourWalk103a	Aw, shut up, Nick	player\survivor\voice\coach\dlc1_c6m2_historictour05.wav
vocalize WorldIntroC31e3	Come on now, if I was having a cookout, I ain't invitin' CEDA either.	player\survivor\voice\coach\worldc3m104.wav
vocalize WorldIntroC3e1	Next time someone wants to shoot our pilot, can I get a little warning?	player\survivor\voice\coach\worldc3m1b05.wav
vocalize WorldIntroC3f1	Shit, that pilot just changed. One minute he was flying us to safety, the next he was... well... I am pretty damn sure he was trying to eat us.	player\survivor\voice\coach\worldc3m1b07.wav
vocalize WorldIntroC51	Thanks, Virgil. You stay safe, brother.	player\survivor\voice\coach\worldc5m1b01.wav
vocalize WorldIntroC513	Oh yeah. Our goal is right next to the bridge, ON THE OTHER MOTHER F'IN SIDE OF THE RIVER!	player\survivor\voice\coach\world02.wav
vocalize WorldSignC5AlarmWillSound3	Gotta agree with that.	player\survivor\voice\coach\world14.wav
vocalize WorldSignColdBeer2	Oh Yeah	player\survivor\voice\coach\positivenoise03.wav
vocalize WorldSignDeadlyForce2	It sure is.	player\survivor\voice\coach\worldsigns07.wav
vocalize WorldSignsInfectedDetected2	No shit.	player\survivor\voice\coach\worldsigns24.wav
vocalize WorldSignStayInGroup2	That's what I keep sayin'.	player\survivor\voice\coach\worldsigns18.wav
vocalize WorldSignWhereIsCEDA2	Good question, where in the hell is CEDA? Cause I'd like to shoot some of their asses.	player\survivor\voice\coach\worldsigns11.wav