vocalize CallForRescue	Let me out!	player\survivor\voice\namvet\callforrescue06.wav
vocalize chargerpound	It's killin' me!	player\survivor\voice\namvet\tankpound01.wav
vocalize CommentJockey	You are an idiot.	player\survivor\voice\namvet\genericresponses12.wav
vocalize EatPills	Ah.	player\survivor\voice\namvet\painreliefsigh02.wav
vocalize GooedBySpitter	MOVE MOVE MOVE!	player\survivor\voice\namvet\emphaticgo04.wav
vocalize PlayerAlertGiveItem	Hold up, I got something for you.	player\survivor\voice\namvet\alertgiveitem04.wav
vocalize PlayerAlsoWarnBoomer	BOOMER!	player\survivor\voice\namvet\warnboomer03.wav
vocalize PlayerAlsoWarnHunter	HUNTER!	player\survivor\voice\namvet\warnhunter01.wav
vocalize PlayerAlsoWarnSmoker	SMOKER!	player\survivor\voice\namvet\warnsmoker01.wav
vocalize PlayerAlsoWarnTank	TANK!	player\survivor\voice\namvet\warntank03.wav
vocalize PlayerAlsoWarnWitch	WITCH!	player\survivor\voice\namvet\warnwitch03.wav
vocalize PlayerAnswerLostCall	Dammit.	player\survivor\voice\namvet\swears08.wav
vocalize PlayerAskReady	Everyone locked and loaded?	player\survivor\voice\namvet\askready04.wav
vocalize PlayerBackUp	Back it up!	player\survivor\voice\namvet\backup07.wav
vocalize PlayerChoke	[Choking]	player\survivor\voice\namvet\choke05.wav
vocalize PlayerDeath	[Death scream]	player\survivor\voice\namvet\deathscream05.wav
vocalize PlayerEmphaticGo	MOVE MOVE MOVE!	player\survivor\voice\namvet\emphaticgo04.wav
vocalize PlayerFollowMe	I'm on point.	player\survivor\voice\namvet\followme06.wav
vocalize PlayerFriendlyFire	Ahh! That hurt!	player\survivor\voice\namvet\friendlyfire01.wav
vocalize PlayerFriendlyFireInflictor	I regret that mistake.	player\survivor\voice\namvet\sorry10.wav
vocalize PlayerGoingToDie	Ah shit, I ain't feelin' right.	player\survivor\voice\namvet\goingtodielight02.wav
vocalize PlayerGroundPoundedByTank	AAHHHH He's crushing me!	player\survivor\voice\namvet\tankpound03.wav
vocalize PlayerHealing	Cover me.	player\survivor\voice\namvet\coverme05.wav
vocalize PlayerHealingOther	Stop squirmin', I'm gonna heal ya.	player\survivor\voice\namvet\healother07.wav
vocalize PlayerHelp	A little help please.	player\survivor\voice\namvet\help13.wav
vocalize PlayerHurrah	Nice job.	player\survivor\voice\namvet\nicejob15.wav
vocalize PlayerHurryUp	Get the lead out, people!	player\survivor\voice\namvet\hurryup05.wav
vocalize PlayerImWithYou	Right behind you.	player\survivor\voice\namvet\imwithyou02.wav
vocalize PlayerIncapacitated	Ah shit, help!	player\survivor\voice\namvet\incapacitatedinitial03.wav
vocalize PlayerIncoming	INCOMING!	player\survivor\voice\namvet\incoming03.wav
vocalize PlayerKillThatLight	Turn those flashlights off!	player\survivor\voice\namvet\killthatlight10.wav
vocalize PlayerLaugh	[Short laugh]	player\survivor\voice\namvet\laughter11.wav
vocalize PlayerLeadOn	Go ahead.	player\survivor\voice\namvet\leadon03.wav
vocalize PlayerLedgeHangEnd	I CAN'T HOLD ON - I'M GONNA FALL!	player\survivor\voice\namvet\ledgehangend03.wav
vocalize PlayerLedgeHangMiddle	Ah christ, somebody pull me up!	player\survivor\voice\namvet\ledgehangmiddle01.wav
vocalize PlayerLedgeHangStart	Somebody come grab me up off this ledge.	player\survivor\voice\namvet\ledgehangstart09.wav
vocalize PlayerLedgeSave	Let's go, take my hand. I'm gonna get you up. Here we go.	player\survivor\voice\namvet\ledgesave02.wav
vocalize PlayerLedgeSaveCritical	No shame, kid. I woulda pissed myself, too. But if we don't find you some first aid, you're not gonna survive another hit.	player\survivor\voice\namvet\revivecriticalfriend07.wav
vocalize PlayerLook	Francis!	player\survivor\voice\namvet\namefrancis03.wav
vocalize PlayerLookHere	Louis	player\survivor\voice\namvet\namelouis03.wav
vocalize PlayerLookOut	Heads up!	player\survivor\voice\namvet\lookout05.wav
vocalize PlayerMoveOn	Let's go.	player\survivor\voice\namvet\moveon04.wav
vocalize PlayerNegative	Ohhh nooooo.	player\survivor\voice\namvet\fallshort02.wav
vocalize PlayerNiceJob	Nice job.	player\survivor\voice\namvet\nicejob10.wav
vocalize PlayerNo	No can do.	player\survivor\voice\namvet\no02.wav
vocalize PlayerReviveFriend	Ahh quit snivelling. I've seen worse.	player\survivor\voice\namvet\revivefriend14.wav
vocalize PlayerReviveFriendCritical	Holy shit, they took a big piece outta you, kid. If we don't find you some first aid, you're not gonna survive another hit.	player\survivor\voice\namvet\revivecriticalfriend04.wav
vocalize PlayerSorry	My fault!	player\survivor\voice\namvet\sorry08.wav
vocalize PlayerSpotOtherWeapon	Got a Weapon here!	player\survivor\voice\namvet\spotweapons03.wav
vocalize PlayerSpotPistol	Weapons here!	player\survivor\voice\namvet\spotweapons01.wav
vocalize PlayerSpotShotgun	Weapons here!	player\survivor\voice\namvet\spotweapons01.wav
vocalize PlayerStayTogether	Come on - we got to stay together.	player\survivor\voice\namvet\staytogether02.wav
vocalize PlayerTaunt	[Loud, evil laugh]	player\survivor\voice\namvet\taunt02.wav
vocalize PlayerThanks	Eh, you're a good kid.	player\survivor\voice\namvet\thanks03.wav
vocalize PlayerThisWay	This way, people!	player\survivor\voice\namvet\followme04.wav
vocalize PlayerTonguePullStart	No, No, NO, NOOOOOOO!!!!!!!!!	player\survivor\voice\namvet\grabbedbysmoker02a.wav
vocalize PlayerToTheRescue	I'm coming!	player\survivor\voice\namvet\totherescue02.wav
vocalize PlayerTransition	Trah-mendous!	player\survivor\voice\namvet\reactionpositive04.wav
vocalize PlayerUsingDefibrillator	Clear.	player\survivor\voice\namvet\areaclear01.wav
vocalize PlayerVomitInFace	Ehhhh...oh shit.	player\survivor\voice\namvet\reactionboomervomit02.wav
vocalize PlayerWaitHere	Hold up!	player\survivor\voice\namvet\waithere04.wav
vocalize PlayerWarnCareful	Careful.	player\survivor\voice\namvet\warncareful04.wav
vocalize PlayerWarnMegaMob	Here they come!	player\survivor\voice\namvet\incoming01.wav
vocalize PlayerWatchOutBehind	Behind us!	player\survivor\voice\namvet\watchoutbehind01.wav
vocalize PlayerYellRun	RUN!	player\survivor\voice\namvet\emphaticrun02.wav
vocalize PlayerYes	Affirmative.	player\survivor\voice\namvet\yes06.wav
vocalize PlayerYouAreWelcome	Hey, no problem	player\survivor\voice\namvet\youarewelcome04.wav
vocalize RelaxedSigh	Ahhh.	player\survivor\voice\namvet\painreliefsigh01.wav
vocalize RespondAffirmative	Yeah.	player\survivor\voice\namvet\yes03.wav
vocalize RevivedByDefibrillator	Whoah!	player\survivor\voice\namvet\reactionstartled01.wav
vocalize RevivedByDefibrillatorDelayed	You did good.	player\survivor\voice\namvet\nicejob14.wav
vocalize RevivedByFriend	Thanks.	player\survivor\voice\namvet\thanks04.wav
vocalize ReviveFriendDown	I'm all right.	player\survivor\voice\namvet\gettingrevived02.wav
vocalize SurvivorBotReassureComing	Affirmative.	player\survivor\voice\namvet\yes06.wav
vocalize SurvivorBotReassureNearby	I got your six.	player\survivor\voice\namvet\imwithyou01.wav
vocalize SurvivorBotYesReady	Yeah.	player\survivor\voice\namvet\yes03.wav
vocalize SurvivorBotYouAreWelcome	Yeah, yeah, yeah.	player\survivor\voice\namvet\youarewelcome10.wav
vocalize SurvivorJockeyed	GET IT OFF!	player\survivor\voice\namvet\screamwhilepounced01.wav
vocalize UseAdrenaline	Ah.	player\survivor\voice\namvet\painreliefsigh03.wav
vocalize WarnSpitterIncoming	Heads up!	player\survivor\voice\namvet\lookout05.wav
vocalize WitchGettingAngry	Hold up, that Witch is getting ready to pounce!	player\survivor\voice\namvet\witchgettingangry03.wav
vocalize YouWelcome	Well, you're welcome.	player\survivor\voice\namvet\youarewelcome02.wav