vocalize _C1M1_ElevatorHello01	Nick, name's Nick. You all did good. What's your names?	player\survivor\voice\gambler\worldc1m1b52.wav
vocalize _C1M1_ElevatorHello01b	Anyone get bit? Isn't that how this works?	player\survivor\voice\gambler\worldc1m1b57.wav
vocalize _C1M1_ElevatorHello04c	You did good out there, Rochelle.	player\survivor\voice\gambler\worldc1m1b51.wav
vocalize _C1M1_ElevatorHello04d	Well, I'm glad we got that out of the way. Now: did anyone get bit?	player\survivor\voice\gambler\worldc1m1b59.wav
vocalize _c1m4startelevator4a	I'll agree to the idea, but I'm driving.	player\survivor\voice\gambler\worldc1m4b03.wav
vocalize _c1m4startelevator6a1	What a fun road trip this will be.	player\survivor\voice\gambler\worldc1m4b04.wav
vocalize _C2M1_Fall03	Breaking my neck is not a fun time, Ellis.	player\survivor\voice\gambler\worldc2m137.wav
vocalize _C2M1_Fall05	Shit!	player\survivor\voice\gambler\reactionnegative03.wav
vocalize _c2m1_searchlights03	Or maybe a corpse fell on the searchlight button. Still, worth checking out.	player\survivor\voice\gambler\worldc2m2b03.wav
vocalize _C2M1abandoned02	That's... one theory.	player\survivor\voice\gambler\worldc2m1b05.wav
vocalize _C2M1Billboard01	Oh good. Now we can die there as adults.	player\survivor\voice\gambler\worldc2m1b06.wav
vocalize _C2M2_Bathroom01	Don't look at me like that.	player\survivor\voice\gambler\sorry08.wav
vocalize _C2M2_CaroButton01	You know what? Somehow I think it will activate everything else around here.	player\survivor\voice\gambler\worldc2m219.wav
vocalize _C2M2_Kiddie04	Now I want to ride one.	player\survivor\voice\gambler\worldc2m2b05.wav
vocalize _C2M2_SeeSafehouse01	Tunnel of love?  Jesus Christ.	player\survivor\voice\gambler\worldc2m227.wav
vocalize _C2M2_Steak01	Buddy, if you can get me out of this alive? I will deep-fry you an entire goddamn cow.	player\survivor\voice\gambler\worldc2m2b07.wav
vocalize _C2M2_ThisTall01	Nope. Just lots and lots of Tanks.	player\survivor\voice\gambler\worldc2m2b11.wav
vocalize _c2m3_coaster02	We're gonna have to run the coaster.	player\survivor\voice\gambler\worldc2m334.wav
vocalize _c2m3_hole01	Let's all do this together.	player\survivor\voice\gambler\worldc2m318.wav
vocalize _c2m3_water01	Yeah. Don't drink it.	player\survivor\voice\gambler\worldc2m3b07.wav
vocalize _c4m1Intro03	You wanna hear a prediction?	player\survivor\voice\gambler\worldc4m1b09.wav
vocalize _c4m1Intro05	What gun bag?	player\survivor\voice\gambler\worldc4m1b02.wav
vocalize _c4m1Intro07	ME? Who died and made me gun monitor?	player\survivor\voice\gambler\worldc4m1b03.wav
vocalize _c4m1Intro11	You wanna hear a prediction?	player\survivor\voice\gambler\worldc4m1b09.wav
vocalize _c4m1Intro13	There's not gonna be any gas. Watch.	player\survivor\voice\gambler\worldc4m1b10.wav
vocalize _c4m1Intro20	The gas station's right across the street. Let's just get the gas and then we'll figure out how to signal Virgil.	player\survivor\voice\gambler\worldc4m1b07.wav
vocalize _c4m1Intro23	What gun bag?	player\survivor\voice\gambler\worldc4m1b02.wav
vocalize _c4m2_seestation01	Through the cane field.	player\survivor\voice\gambler\worldc4m216.wav
vocalize _c4m2_Witchville04	Everybody keep moving.	player\survivor\voice\gambler\emphaticgoquiet01.wav
vocalize _c4m3_rain01	If this rain keeps up, the boat can come to US.	player\survivor\voice\gambler\worldc4m3b11.wav
vocalize _C4M5_BoatComing01	THERE'S VIRGIL!	player\survivor\voice\gambler\worldc4m4b20.wav
vocalize _C4M5_FinaleStart01	Come on, Virgil...	player\survivor\voice\gambler\worldc4m4b15.wav
vocalize _introc1m1	God DAMN it! We just missed it!	player\survivor\voice\gambler\worldc1m1b87.wav
vocalize _introc1m1a01	Hey! Get back here!	player\survivor\voice\gambler\worldc1m1b101.wav
vocalize _introc1m1b03	They saw us all right, and they're not coming back.	player\survivor\voice\gambler\worldc1m1b123.wav
vocalize c1m1_elevator_door_open	[Coughing from smoke]	player\survivor\voice\gambler\cough01.wav
vocalize C1M1_ElevatorHello01_02C1	And then there were three.	player\survivor\voice\gambler\worldc1m1b64.wav
vocalize C1M1_ElevatorHello01_02C2	Name's Nick.	player\survivor\voice\gambler\worldc1m1b56.wav
vocalize C1M1_ElevatorHello01_02C3	Hey, what's your name?	player\survivor\voice\gambler\worldc1m1b50.wav
vocalize C1M1_ElevatorHello01_02C7	I think it was Coach. Don't matter now.	player\survivor\voice\gambler\worldc1m1b68.wav
vocalize C1M1_ElevatorHello01_02M1	Name's Nick.	player\survivor\voice\gambler\worldc1m1b56.wav
vocalize C1M1_ElevatorHello01_02M2	Hey, what's your name?	player\survivor\voice\gambler\worldc1m1b50.wav
vocalize C1M1_ElevatorHello01_02PC1	Name's Nick.	player\survivor\voice\gambler\worldc1m1b56.wav
vocalize C1M1_ElevatorHello01_02PC2	We're pretty screwed.	player\survivor\voice\gambler\worldc1m1b66.wav
vocalize C1M1_ElevatorHello01_02PC4	I think she just said it was Rochelle.	player\survivor\voice\gambler\worldc1m1b69.wav
vocalize C1M1_ElevatorHello01_03a1	Name's Nick.	player\survivor\voice\gambler\worldc1m1b56.wav
vocalize C1M1_ElevatorHello01_03a2	Hey, what's your name?	player\survivor\voice\gambler\worldc1m1b50.wav
vocalize C1M1_ElevatorHello01_03a6	I think she just said it was Rochelle.	player\survivor\voice\gambler\worldc1m1b69.wav
vocalize C1M1_ElevatorHello01_03b1	Name's Nick.	player\survivor\voice\gambler\worldc1m1b56.wav
vocalize C1M1_ElevatorHello01_03b2	Hey, what's your name?	player\survivor\voice\gambler\worldc1m1b50.wav
vocalize C1M1_ElevatorHello01_03b5	I think she just said it was Rochelle.	player\survivor\voice\gambler\worldc1m1b69.wav
vocalize C1M1_ElevatorHello01_03CM2	Hey, what's your name?	player\survivor\voice\gambler\worldc1m1b50.wav
vocalize C1M1_ElevatorHello01_03CM6	Was it Ellis? Well, doesn't matter now.	player\survivor\voice\gambler\worldc1m1b67.wav
vocalize C1M2SafeRoomb1	I guess living here's finally paying off.	player\survivor\voice\gambler\worldc1m1b103.wav
vocalize C1M2SafeRoomb3	Whatever.	player\survivor\voice\gambler\youarewelcomec104.wav
vocalize C1M2SafeRoomd1	Now we're talking.	player\survivor\voice\gambler\worldc1m1b34.wav
vocalize C1M3SafeRoom2a	If anyone sees a men's store, let me know. I got blood on this suit.	player\survivor\voice\gambler\worldc1m3b01.wav
vocalize C1M3SafeRoom2b	Ugh. God, I hate malls.	player\survivor\voice\gambler\worldc1m3b03.wav
vocalize C1M4NearFinale02a	We're pretty screwed.	player\survivor\voice\gambler\worldc1m1b66.wav
vocalize C1M4NearFinale02c	Nope.	player\survivor\voice\gambler\no02.wav
vocalize C1M4NearFinale02e	We are going to have to save ourselves, people.	player\survivor\voice\gambler\worldc1m3b34.wav
vocalize C1M4SafeRoom2a2	I'm getting sick of looking at this guy's face.	player\survivor\voice\gambler\worldc1m3b13.wav
vocalize C1M4SafeRoom2a4	Really? 'Cause he looks like an asshole.	player\survivor\voice\gambler\worldc1m3b14.wav
vocalize C2M1Intro001	I hate to be the bearer of bad news, guys-but unless Ellis knows how to build a monster truck, we AIN'T drivin' through this.	player\survivor\voice\gambler\worldc2m1b01.wav
vocalize C2M1Intro002	Don't sweat it, Ellis. At least you got us out of that mall.	player\survivor\voice\gambler\worldc2m1b02.wav
vocalize C2M4Chopper001	We need something big to signal the 'copter.	player\survivor\voice\gambler\worldc2m4b04.wav
vocalize C2M5_Button2Yell	You guys ready to rock?	player\survivor\voice\gambler\worldc2m463.wav
vocalize C3M2SafeRoom3d	Brains come out. Swamp water doesn't. Don't ask me how I know that.	player\survivor\voice\gambler\worldc3m1b18.wav
vocalize C3M2SafeRoomb2	This swamp is just a cesspool for disease.	player\survivor\voice\gambler\worldc3m2b01.wav
vocalize C3M4GateBlow01	Gate's open!	player\survivor\voice\gambler\worldc2m478.wav
vocalize c4m1_nogas01	Looks like our milk run just turned into a marathon.	player\survivor\voice\gambler\worldc4m1b11.wav
vocalize c4m1_nogas02	What makes you think they have gas?	player\survivor\voice\gambler\worldc4m1b14.wav
vocalize c4m1_nogas04	Let's just get this done and get back.	player\survivor\voice\gambler\worldc4m1b17.wav
vocalize c4m1_nogas20	Not good.	player\survivor\voice\gambler\worldc5m2b09.wav
vocalize C5M1_intro006	You mean that blurry line on the horizon? Let's not get ahead of ourselves here.	player\survivor\voice\gambler\worldc5m1b03.wav
vocalize C5M1_intro007	Yeah, well, seeing the bridge and getting to it are two different things.	player\survivor\voice\gambler\worldc5m1b04.wav
vocalize C5M1Flyby02	I got a bad feeling about that...	player\survivor\voice\gambler\worldc5m1b06.wav
vocalize C5M2Freeway01	Let's follow it.	player\survivor\voice\gambler\worldc5m2b04.wav
vocalize C5M2Horse001	Nice observation, Ellis.	player\survivor\voice\gambler\worldc5m2b02.wav
vocalize C5M3AlarmFieldNags02	Your mom's car.	player\survivor\voice\gambler\world421.wav
vocalize C5M3Bodies02	Somebody? Christ, Coach, you know who did this.	player\survivor\voice\gambler\worldc5m2b06.wav
vocalize C5M3Bodies04	Not good.	player\survivor\voice\gambler\worldc5m2b09.wav
vocalize C5M3Freeway01	The bridge can't be far now.	player\survivor\voice\gambler\worldc5m3b02.wav
vocalize C5M3GraveNags02	Uh huh.	player\survivor\voice\gambler\ellisinterrupt03.wav
vocalize C5M3manhole01	I am NOT climbing into... Ah screw it. Let's go.	player\survivor\voice\gambler\worldc5m3b14.wav
vocalize C5M3SeeGraveyard05	Ellis, you're carrying like ten different guns.	player\survivor\voice\gambler\worldc5m3b27.wav
vocalize C5M3SewerIn01	Tell me about it...	player\survivor\voice\gambler\worldc5m3b11.wav
vocalize C5M3Sniper01	Jesus, it was open season on everything out here.	player\survivor\voice\gambler\worldc5m3b09.wav
vocalize C5M4BombInt01A	I guess they ran outta bridges to bomb...	player\survivor\voice\gambler\worldc5m4b01.wav
vocalize C5M4BombInt03	STOP BOMBING US!	player\survivor\voice\gambler\worldc5m4b03.wav
vocalize c5m4floatend2	Our ride's here.	player\survivor\voice\gambler\world308.wav
vocalize C5M4MadeIt01	Holy shit, I think we actually made it.	player\survivor\voice\gambler\worldc5m4b08.wav
vocalize C5M5_Button2	You heard the man.  Let's get across this goddamn bridge.	player\survivor\voice\gambler\worldc5m509.wav
vocalize C6M1Intro_07b	I'll tell ya something; that guy is no cop.	player\survivor\voice\gambler\dlc1_c6m1_initialmeeting02.wav
vocalize C6M1Intro_09a	Hey! HEEEYYY!!	player\survivor\voice\gambler\dlc1_c6m1_initialmeeting03.wav
vocalize C6M1Intro_09b	Hey! HEEEYYY!!	player\survivor\voice\gambler\dlc1_c6m1_initialmeeting04.wav
vocalize C6M1Intro_09d	What the...	player\survivor\voice\gambler\dlc1_c6m1_initialmeeting05.wav
vocalize C6M1Intro_10e	Whatever, sweety.	player\survivor\voice\gambler\dlc1_c6m1_initialmeeting10.wav
vocalize C6M1Intro_11d	All right.	player\survivor\voice\gambler\dlc1_c6m1_initialmeeting13.wav
vocalize C6M1Intro_14a	Okay, listen to me, jackass, lower the goddamn bridge so we can drive our goddamn car across.	player\survivor\voice\gambler\dlc1_c6m1_initialmeeting15.wav
vocalize C6M1Intro_14c	I don't believe this guy.	player\survivor\voice\gambler\dlc1_c6m1_initialmeeting17.wav
vocalize C6M1Intro_15a	That's terrific, cupcake, is there a man up there we can talk to?	player\survivor\voice\gambler\dlc1_c6m1_initialmeeting18.wav
vocalize C6M1Intro_15e	Hey, lighten up. Man, no one can take a joke anymore.	player\survivor\voice\gambler\dlc1_c6m1_initialmeeting19.wav
vocalize C6M1Intro_16a	Well then climb down, you big ape, and help us.	player\survivor\voice\gambler\dlc1_c6m1_initialmeeting21.wav
vocalize C6M2_OpenGate1a	Ellis, what did you just do?	player\survivor\voice\gambler\dlc1_c6m2_bridgecollapse01.wav
vocalize DLC1_C6M2_SafeRoomConvo01b	Go to hell.	player\survivor\voice\gambler\dlc1_c6m2_saferoomconvo02.wav
vocalize DLC1_C6M2_SafeRoomConvo02b	I don't have a problem with leaving the car AND you behind. Okay, Ellis?	player\survivor\voice\gambler\dlc1_c6m2_saferoomconvo04.wav
vocalize DLC1_C6M2_SafeRoomConvo06a	Boiled nuts? Coach, come on, what is wrong with you Southerners?	player\survivor\voice\gambler\dlc1_c6m2_saferoomconvo06.wav
vocalize DLC1_C6M2_SafeRoomConvo07a	I think you had a better chance with that witch.	player\survivor\voice\gambler\dlc1_c6m2_saferoomconvo09.wav
vocalize DLC1_C6M2_SafeRoomConvo08a	What's a matter, sweetie, you playing hard to get?	player\survivor\voice\gambler\dlc1_c6m2_saferoomconvo11.wav
vocalize DLC1_C6M2_SafeRoomConvo08c	C'mon... I saw the way you were looking at him.	player\survivor\voice\gambler\dlc1_c6m2_saferoomconvo13.wav
vocalize DLC1_C6M2_SafeRoomConvo08e	He could be the one.	player\survivor\voice\gambler\dlc1_c6m2_saferoomconvo15.wav
vocalize DLC1_C6M2_SafeRoomConvo09b	Coach, a germ just wiped out the whole planet. So yes.	player\survivor\voice\gambler\dlc1_c6m2_saferoomconvo19.wav
vocalize DLC1_C6M2_SafeRoomConvo10b	Yeah, hahaha, a little bit more hand sanitizer and we wouldn't be in this mess.	player\survivor\voice\gambler\dlc1_c6m2_saferoomconvo21.wav
vocalize DLC1_C6M2_SafeRoomConvo10d	Under the what now?	player\survivor\voice\gambler\dlc1_c6m2_saferoomconvo22.wav
vocalize DLC1_C6M2_SafeRoomConvo11b	Yeah, agreed, she is totally out of your league.	player\survivor\voice\gambler\dlc1_c6m2_saferoomconvo24.wav
vocalize DLC1_C6M2_SafeRoomConvo12a	Let me get this straight, Coach. It's a tunnel... under the river. Right?	player\survivor\voice\gambler\dlc1_c6m2_saferoomconvo26.wav
vocalize DLC1_C6M2_SafeRoomConvo12c	And this is supposed to teach me about what exactly?	player\survivor\voice\gambler\dlc1_c6m2_saferoomconvo27.wav
vocalize DLC1_C6M2_SafeRoomConvo13a	I am not looking forward to this under the river tour.	player\survivor\voice\gambler\dlc1_c6m2_saferoomconvo29.wav
vocalize DLC1_C6M2_SafeRoomConvo13c	Okay, good point. You know what? I am looking forward to punching that grease bag biker in the mouth.	player\survivor\voice\gambler\dlc1_c6m2_saferoomconvo32.wav
vocalize DLC1_C6M2_SafeRoomConvo14f	Yeah, no, I'm good, I'm good.	player\survivor\voice\gambler\dlc1_c6m2_saferoomconvo31.wav
vocalize DLC1_C6M2_SafeRoomConvo15c	Whatever.	player\survivor\voice\gambler\youarewelcomec104.wav
vocalize DLC1_C6M3_SafeRoomConvo02b	You know him that well?	player\survivor\voice\gambler\dlc1_c6m3_saferoomconvo04.wav
vocalize HistoricTour01a	Trust me, that won't be the case.	player\survivor\voice\gambler\dlc1_c6m1_historicsign02.wav
vocalize InfoRemC3M3Unsanitarya2	What?	player\survivor\voice\gambler\worldc2m433.wav
vocalize introC6M1	You wanna hear a prediction?	player\survivor\voice\gambler\worldc4m1b09.wav
vocalize L4D1PlayerNiceShot	Nice shot, Ace.	player\survivor\voice\gambler\niceshot08.wav
vocalize Player.SeeMudmen2a	I'm with Ellis, I hate these mud people.	player\survivor\voice\gambler\worldc3m202.wav
vocalize Player.TakeBatR2	Nope. Bouncer at a club.	player\survivor\voice\gambler\takebatr01.wav
vocalize PlayerSuggestHealthCoach	Hey Coach, heal.	player\survivor\voice\gambler\suggesthealthcoach03.wav
vocalize PlayerSuggestHealthMechanic	Come on, Ellis, don't be a hero.  Use your health kit.	player\survivor\voice\gambler\suggesthealthellis03.wav
vocalize PlayerSuggestHealthProducer	Rochelle, you don't look so good.	player\survivor\voice\gambler\suggesthealthrochell05.wav
vocalize RemWorldC6M1_WeddingWarn02	Coach, no time for cake.	player\survivor\voice\gambler\dlc1_c6m1_wedding06.wav
vocalize WeddingWitchDead03	That's a good one, Coach.	player\survivor\voice\gambler\dlc1_c6m1_weddingwitchdead05.wav
vocalize WorldC3M1FerryCrossingC01	What, alive infected or alive and not zombies?	player\survivor\voice\gambler\worldc3m113.wav
vocalize WorldC3M1FerryCrossingC03	100 to 1.	player\survivor\voice\gambler\worldc3m114.wav
vocalize WorldC3M1FerryCrossingD03	You forgot one thing, from the way we shoot?  Each other.	player\survivor\voice\gambler\worldc3m117.wav
vocalize WorldC3M1FerryCrossingE03	Jesus Christ, Ellis, like the goddamn zombies aren't bad enough.	player\survivor\voice\gambler\worldc3m116.wav
vocalize WorldC3M1FerryCrossingG02	Thanks, Coach, that was uplifting.	player\survivor\voice\gambler\worldc3m112.wav
vocalize WorldC3M1FerryCrossingG04	Yes,	player\survivor\voice\gambler\worldc3m107.wav
vocalize WorldC3M1FerryCrossingI01	What you?  Really?	player\survivor\voice\gambler\worldc3m105.wav
vocalize WorldC502AlarmStopped	Alarm is off!	player\survivor\voice\gambler\world129.wav
vocalize WorldC502BusStory2	Ellis! ELLIS!  We don't have time for that right now!	player\survivor\voice\gambler\world132.wav
vocalize WorldC502Horse2	You ever eat horse?  Tasty.	player\survivor\voice\gambler\world119.wav
vocalize WorldC502NotZombies3	Looks like the military took over.	player\survivor\voice\gambler\world107.wav
vocalize WorldC502SmellBath3	God damn you are messed up.	player\survivor\voice\gambler\worldmisc10.wav
vocalize WorldC6M1_HistoricTour	If we can't take the bridge, let's try this under-the-river tour.	player\survivor\voice\gambler\dlc1_c6m1_historicsign07.wav
vocalize WorldC6M1_PostWedding02a	Marrying her is the last thing you should do.	player\survivor\voice\gambler\dlc1_c6m1_weddingpostwitch02.wav
vocalize WorldC6M1_WeddingWarn05a	Yeah, look Ellis, all women are emotional wrecks who will eventually kill you.	player\survivor\voice\gambler\dlc1_c6m1_weddingpostwitch03.wav
vocalize WorldC6M2_AfterGate201a	Not the time, Ellis.	player\survivor\voice\gambler\dlc1_c6m2_inwaterfindladder12.wav
vocalize WorldC6M2_FinalWater01a	I hate you, Ellis!	player\survivor\voice\gambler\dlc1_c6m2_finalwater02.wav
vocalize WorldC6M2_InSewer101c	Ellis. I NEED this.	player\survivor\voice\gambler\dlc1_c6m2_phase2inwater01.wav
vocalize WorldC6M2_InSewer102b	YES.	player\survivor\voice\gambler\dlc1_c6m2_phase2inwater08.wav
vocalize WorldC6M2_InSewer201a	Don't you DARE.	player\survivor\voice\gambler\dlc1_c6m2_phase2inwater10.wav
vocalize WorldC6M2_InSewer202a	Ugh.	player\survivor\voice\gambler\dlc1_c6m2_phase2inwater11.wav
vocalize WorldC6M2_InSewerLadder101a	Ugh, ugh.	player\survivor\voice\gambler\dlc1_c6m2_phase2inwater18.wav
vocalize WorldC6M2_OnTourWalk101a	Shithole?	player\survivor\voice\gambler\dlc1_c6m2_historictour06.wav
vocalize WorldC6M2_OnTourWalk102a	Toldja.	player\survivor\voice\gambler\dlc1_c6m2_historictour07.wav
vocalize WorldIntroC31a1	Well, he wasn't doing a very good job once he became a zombie now was he?	player\survivor\voice\gambler\worldc3m1b02.wav
vocalize WorldIntroC31a3	I shot a zombie. He was a zombie, Ellis. He must have gotten bitten before he picked us up.	player\survivor\voice\gambler\worldc3m1b03.wav
vocalize WorldIntroC31b1	This looks like a friendly place.	player\survivor\voice\gambler\worldc3m1b06.wav
vocalize WorldIntroC31b2	They probably should have added no zombies to that sign.	player\survivor\voice\gambler\worldc3m1b08.wav
vocalize WorldIntroC31c2	I can't believe none of you were going to shoot him.	player\survivor\voice\gambler\worldc3m1b01.wav
vocalize WorldIntroC31c4	Whatever.	player\survivor\voice\gambler\youarewelcomec104.wav
vocalize WorldIntroC31d1	No problem, big guy, sorry about the landing.	player\survivor\voice\gambler\worldc3m1b04.wav
vocalize WorldIntroC31e3a	Great, we crash land in front of a village that hates everyone.	player\survivor\voice\gambler\worldc3m1b05.wav
vocalize WorldIntroC3f2	I can't believe none of you were going to shoot him.	player\survivor\voice\gambler\worldc3m1b01.wav
vocalize WorldSignC5AlarmWillSound3b	We run to the tower and turn off the alarm.	player\survivor\voice\gambler\world115.wav
vocalize WorldSignC5AlarmWillSound3c	Yeah and of course, stay together	player\survivor\voice\gambler\world120.wav
vocalize WorldSignRestrictedArea2	Restricted area my ass.	player\survivor\voice\gambler\worldsigns01.wav
vocalize WorldSignsInfectedDetected2	Really, I haven't seen any.	player\survivor\voice\gambler\worldsigns02.wav