vocalize _C1M1_ElevatorHello01	Holy shit! This is some kind of nightmare. Goddamn Zombie Apocalypse and shit. Shit, shit, shit. What in the hell are we going to do?	player\survivor\voice\mechanic\worldc1m1b92.wav
vocalize _C1M1_ElevatorHello02c	Ellis, my name is Ellis.	player\survivor\voice\mechanic\worldc1m1b93.wav
vocalize _C1M1_ElevatorHello03a	My name is Ellis, but some people call me El. I really prefer Ellis as El sounds like a girl's name. But if you prefer to call me El you can.	player\survivor\voice\mechanic\worldc1m1b94.wav
vocalize _C1M1_ElevatorHello03d	Ellis.	player\survivor\voice\mechanic\worldc1m1b96.wav
vocalize _C1M1_ElevatorHello05b	Ellis. It's a pleasure to meet you, Rochelle.	player\survivor\voice\mechanic\worldc1m1b128.wav
vocalize _c1m4startelevator2	If you're looking for ideas, look no further. Because I have a good one.	player\survivor\voice\mechanic\worldc1m4b04.wav
vocalize _c1m4startelevator2a	Actually, I been thinking...	player\survivor\voice\mechanic\worldc1m4b01.wav
vocalize _c1m4startelevator2b	I might have an idea.	player\survivor\voice\mechanic\worldc1m4b02.wav
vocalize _c1m4startelevator2c	I've got an idea. You know them posters we been seein? Get your picture taken with Jimmy Gibbs's stock car? That means it's HERE. We just need to appropriate it, and we got ourselves an escape vehicle.	player\survivor\voice\mechanic\worldc1m4b07.wav
vocalize _c1m4startelevator3	I've got an idea. Jimmy Gibbs, Jr. ain't gonna mind if we borrow his stock car. He's a very generous man.	player\survivor\voice\mechanic\worldc1m4b09.wav
vocalize _c1m4startelevator3a	So I been thinking. Jimmy Gibbs's stock car's around here somewhere. We just gotta find it, gas it up, and I'll drive that thing to New Orleans my damn self.	player\survivor\voice\mechanic\worldc1m4b06.wav
vocalize _c1m4startelevator3b	Let's go find Jimmy Gibbs's stock car. We get that thing gassed up, we can drive out of here.	player\survivor\voice\mechanic\worldc1m4b05.wav
vocalize _c1m4startelevator5a	Now remember: They don't fill up the tanks at car shows, so we'll have to find some gas.	player\survivor\voice\mechanic\worldc1m4b17.wav
vocalize _c1m4startelevator5a1	Only if I get kilt. Otherwise you better kill me, cause I'M driving.	player\survivor\voice\mechanic\worldc1m4b13.wav
vocalize _c1m4startelevator5b	Wherever he is, Coach-he's proud of you.	player\survivor\voice\mechanic\worldc1m4b20.wav
vocalize _c2m1_searchlights01	That'd be Whispering Oaks Amusement Park, right there.	player\survivor\voice\mechanic\worldc2m1b22.wav
vocalize _C2M2_Bathroom01	Whoa! Sorry, Rochelle!	player\survivor\voice\mechanic\worldc2m201.wav
vocalize _C2M2_Kiddie03	I wanna ride one! Just one! Just lemme ride the Screaming Oak once. Man, when we ever gonna be here again?	player\survivor\voice\mechanic\worldc2m2b14.wav
vocalize _C2M2_Peanut01	Man, how can you not like Li'l Peanut? I love this little guy!	player\survivor\voice\mechanic\worldc2m2b15.wav
vocalize _C2M2_Slide01	Man, what are y'all in a hurry for? This is awesome.	player\survivor\voice\mechanic\worldc2m211.wav
vocalize _C2M2_ThisTall02	Well, aren't you a real comedian.	player\survivor\voice\mechanic\worldc2m2b24.wav
vocalize _c2m3_cement01	Ha ha ha.	player\survivor\voice\mechanic\worldc2m2b23.wav
vocalize _c2m3_coaster01	Aw, man, this is gonna be cool.	player\survivor\voice\mechanic\worldc2m319.wav
vocalize _c2m3_coaster03	Ohmigod, it's Christmas.	player\survivor\voice\mechanic\worldc2m3b15.wav
vocalize _c2m3_coaster06	We gotta run the coaster?	player\survivor\voice\mechanic\worldc2m317.wav
vocalize _c2m3_coaster07	Aw, man, this is gonna be cool.	player\survivor\voice\mechanic\worldc2m319.wav
vocalize _c2m3_coaster08	Holy shit, it's Christmas.	player\survivor\voice\mechanic\worldc2m3b16.wav
vocalize _c2m3_coollight01	This is awesome, man!	player\survivor\voice\mechanic\worldc2m306.wav
vocalize _c2m3_howcool	Okay, come on, how cool is this?	player\survivor\voice\mechanic\worldc2m3b26.wav
vocalize _C2M4_GateOpen001	Let's go! Let's GO!	player\survivor\voice\mechanic\worldc3m136.wav
vocalize _c4m1Intro04	Oh, there's flares in the gun bag.	player\survivor\voice\mechanic\worldc4m1b01.wav
vocalize _c4m1Intro06	You didn't grab the guns?	player\survivor\voice\mechanic\worldc4m1b02.wav
vocalize _c4m1Intro08	Pretty much everybody.	player\survivor\voice\mechanic\worldc4m1b04.wav
vocalize _c4m1Intro12	Nope.	player\survivor\voice\mechanic\no03.wav
vocalize _c4m2_gasinside01	Sweet. Let's go get it.	player\survivor\voice\mechanic\worldc4m2b29.wav
vocalize _c4m2_seestation01	Through the cane field!	player\survivor\voice\mechanic\worldc4m2b18.wav
vocalize _c4m2_seestation02	It's sugar cane, Nick.	player\survivor\voice\mechanic\worldc4m2b17.wav
vocalize _c4m2_waterpool01	Oh hell yes.	player\survivor\voice\mechanic\worldc4m2b07.wav
vocalize _c4m2_Witchville05	Man, I'm gonna start cryin' in a minute.	player\survivor\voice\mechanic\worldc4m2b11.wav
vocalize _c4m3_rain02	A lot worse'n this. We gotta haul ass outta here.	player\survivor\voice\mechanic\worldc4m3b08.wav
vocalize _C4M4_FLOODED01	It's like a fabled city of Atlantis.	player\survivor\voice\mechanic\miscdirectional61.wav
vocalize _C4M4_garagesale01	We're headed the right way!	player\survivor\voice\mechanic\worldc4m4b08.wav
vocalize _C4M5_BoatComing01	VIRGIL, WHAT'S UP BROTHER?!	player\survivor\voice\mechanic\worldc4m4b25.wav
vocalize _C4M5_Intro03	Hey, what if we turn on the Burger Tank sign?	player\survivor\voice\mechanic\worldc4m4b15.wav
vocalize _C4M5_Intro04	Sounds like a plan.	player\survivor\voice\mechanic\worldc4m4b14.wav
vocalize _introc1m1	COME BACK! WE'RE STILL HERE!	player\survivor\voice\mechanic\worldc1m1b02.wav
vocalize _introc1m1a04	That chopper looks like it's headin' to the evac center over at the mall.	player\survivor\voice\mechanic\worldc1m1b13.wav
vocalize _introc1m1b02	Do you think they saw us?	player\survivor\voice\mechanic\worldc1m1b23.wav
vocalize C1M1_ElevatorHello01_02C5	Ellis, my name is Ellis.	player\survivor\voice\mechanic\worldc1m1b93.wav
vocalize C1M1_ElevatorHello01_02G2	Folks call me Ellis. I run an auto shop around here. Instead of evacuatin', I armored up a truck to drive myself out of here. Built that thing to be zombie proof.	player\survivor\voice\mechanic\worldc1m1b133.wav
vocalize C1M1_ElevatorHello01_02G3	Turns out it was only ninety-nine percent zombie proof. The last one percent tore that truck to SHIT.	player\survivor\voice\mechanic\worldc1m1b134.wav
vocalize C1M1_ElevatorHello01_02PC3	Who'd we lose?	player\survivor\voice\mechanic\worldc1m1b141.wav
vocalize C1M1_ElevatorHello01_03a3	Ellis, my name is Ellis.	player\survivor\voice\mechanic\worldc1m1b93.wav
vocalize C1M2SafeRooma2	Heh heh. Zombie apocalypse ain't all bad.	player\survivor\voice\mechanic\worldc1m1b72.wav
vocalize C1M2SafeRoomc1	Man, Savannah's awesome. C'mon, I'll show you the sights on the way to the mall!	player\survivor\voice\mechanic\worldc1m1b22.wav
vocalize C1M3SafeRoom2d	Amen!	player\survivor\voice\mechanic\worldc1m3b04.wav
vocalize C1M4NearFinale03c	Me neither.	player\survivor\voice\mechanic\world434.wav
vocalize C1M4SafeRoom2b1	Just the best stock car racer of all time. Try reading a book sometime.	player\survivor\voice\mechanic\worldc1m3b17.wav
vocalize C1M4SafeRoom2b2	That's Jimmy Gibbs, Jr. The greatest driver ever to climb into a stock car.	player\survivor\voice\mechanic\worldc1m3b25.wav
vocalize C1M4SafeRoom2b3	That man is the pride of Georgia.	player\survivor\voice\mechanic\worldc1m3b20.wav
vocalize C1M4SafeRoom2b4	I would take a bullet for that man.	player\survivor\voice\mechanic\worldc1m3b22.wav
vocalize C1M4SafeRoom2c1	God damn it. I coulda got my picture taken with Jimmy Gibbs's stock car.	player\survivor\voice\mechanic\worldc1m3b29.wav
vocalize C2M1Intro003	Sorry, guys. Guess it wasn't such a hot idea after all.	player\survivor\voice\mechanic\worldc2m1b17.wav
vocalize C2M1Intro005	Hey guys, can I have a second? Alone with the car? I just... I got some things that need saying.	player\survivor\voice\mechanic\worldc2m1b03.wav
vocalize C2M1Intro007	You did good.	player\survivor\voice\mechanic\worldc2m1b14.wav
vocalize C2M1Intro008	I love you.	player\survivor\voice\mechanic\worldc2m1b09.wav
vocalize C2M1Intro009	That's not cool, Nick.	player\survivor\voice\mechanic\namenick12.wav
vocalize C2M1Intro_400	You did good.	player\survivor\voice\mechanic\worldc2m1b14.wav
vocalize C2M1Intro_401	You are the most beautiful thing I have ever sat between.	player\survivor\voice\mechanic\worldc2m1b07.wav
vocalize C2M1Intro_402	I love you.	player\survivor\voice\mechanic\worldc2m1b09.wav
vocalize C2M1Intro_403	You did good.	player\survivor\voice\mechanic\worldc2m1b14.wav
vocalize C2M1Intro_404	Thank you.	player\survivor\voice\mechanic\worldc2m1b11.wav
vocalize C2M1Intro_405	We had a good time.	player\survivor\voice\mechanic\worldc2m1b05.wav
vocalize C2M1Intro_406	Thank you.	player\survivor\voice\mechanic\worldc2m1b11.wav
vocalize C2M1Intro_407	Thank you. We couldn't have done it without you.	player\survivor\voice\mechanic\worldc2m1b10.wav
vocalize C2M1Intro_408	You did good.	player\survivor\voice\mechanic\worldc2m1b14.wav
vocalize C2M3Chopper001	A chopper!	player\survivor\voice\mechanic\worldc2m4b04.wav
vocalize C2M4Chopper001	Hey, we need to signal that chopper.	player\survivor\voice\mechanic\worldc2m4b07.wav
vocalize C2M4PenSmell001	Smells like dead zombies to me. Everything smellin' like that lately.	player\survivor\voice\mechanic\nickocd03.wav
vocalize C2M5_Button2Yell	This song is AWESOME!	player\survivor\voice\mechanic\worldc2m5b29.wav
vocalize C2M5_lipsync001	That don't matter. I could never hear the music over the pyrotechnics anyway.	player\survivor\voice\mechanic\worldc2m5b13.wav
vocalize C2M5_lipsync002	That don't matter. I could never hear the music over the pyrotechnics anyway.	player\survivor\voice\mechanic\worldc2m5b13.wav
vocalize C3M1FerryInTransit	Okay, that is the slowest damn pontoon boat, ever!	player\survivor\voice\mechanic\worldc3m129.wav
vocalize C3M2SafeRooma2	You know what you can do? You could try to cover yourself in mud... we're definitely not short on that.	player\survivor\voice\mechanic\worldc3m160.wav
vocalize C3M2SafeRoomb3	Nick does have a point.	player\survivor\voice\mechanic\worldc3m1b01.wav
vocalize C3M3SafeRoom2a2	Man, I don't think we're ever gonna get good news again.	player\survivor\voice\mechanic\worldc3m303.wav
vocalize C3M3SafeRoom2c3	No sense hanging out here.	player\survivor\voice\mechanic\worldc3m308.wav
vocalize C3M3SafeRoom2d2	Looks like they all headed off to a plantation.	player\survivor\voice\mechanic\worldc3m306.wav
vocalize C3M4Button104Ellis	Okay, this guy's askin' a lot of questions, does somebody else wanta take this?	player\survivor\voice\mechanic\worldc3m434.wav
vocalize c4m1_nogas01	Looks like we're gonna have to walk to this Ducatel place.	player\survivor\voice\mechanic\worldc4m1b08.wav
vocalize c4m1_nogas10	Looks like we're gonna have to walk to this Ducatel place.	player\survivor\voice\mechanic\worldc4m1b08.wav
vocalize c4m1_nogas21	Looks like we're gonna have to walk to this Ducatel place.	player\survivor\voice\mechanic\worldc4m1b08.wav
vocalize c4m1_wreck01	Yeah, the ass end of those things'll get real squirrelly in the rain.	player\survivor\voice\mechanic\worldc4m1b22.wav
vocalize c4m1_wreck02	Or if there's a zombie ridin' hood.	player\survivor\voice\mechanic\worldc4m1b23.wav
vocalize C5M1_intro002	Thanks, brother!	player\survivor\voice\mechanic\worldc5m1b03.wav
vocalize C5M3AlarmFieldNags03	Yeah, very funny.	player\survivor\voice\mechanic\worldc3m212.wav
vocalize C5M3Bodies01	Man, this is givin' me the creeps more than them zombies.	player\survivor\voice\mechanic\world207.wav
vocalize C5M3Bodies02	People shootin' people, that shit ain't right, man.	player\survivor\voice\mechanic\world204.wav
vocalize C5M3GraveNags01	They bury them like this cause they're under sea level.	player\survivor\voice\mechanic\world224.wav
vocalize C5M3SeeGraveyard01	I guess we're gonna have to visit that graveyard.	player\survivor\voice\mechanic\worldc5m2b14.wav
vocalize C5M3SeeGraveyard03	Man, if these were real zombies, going into this graveyard would be like death.	player\survivor\voice\mechanic\world225.wav
vocalize C5M3SeeGraveyard06	You can't shoot a ghost, Nick. I mean, shit, it ain't rocket science, man.	player\survivor\voice\mechanic\worldc5m2b16.wav
vocalize C5M4BombInt03	PLEASE DO NOT BOMB US!	player\survivor\voice\mechanic\worldc5m104.wav
vocalize c5m4floatend2	Hey, we can get across now.	player\survivor\voice\mechanic\world309.wav
vocalize C5M4MadeIt01	We're gonna make it out of here!	player\survivor\voice\mechanic\world317.wav
vocalize C5M5_Button2099	All right, he says we gotta lower the bridge, be careful of the zombies and they'll be waitin' on the other side.	player\survivor\voice\mechanic\worldc5m106.wav
vocalize C5M5_Button2100	Oh yeah, and he wishes us good luck.	player\survivor\voice\mechanic\worldc5m107.wav
vocalize C5M5_Button2200	Once we lower it we all gotta be careful because there's zombies on the bridge.	player\survivor\voice\mechanic\world411.wav
vocalize C5M5_Button2201	I guess he didn't know we been like  fighting zombies all through the city.	player\survivor\voice\mechanic\world412.wav
vocalize C5M5_Button2202	And the swamps.	player\survivor\voice\mechanic\world413.wav
vocalize C5M5_Button2203	And the river.	player\survivor\voice\mechanic\world414.wav
vocalize C5M5_Button2204	And shit.  Everywhere.	player\survivor\voice\mechanic\world415.wav
vocalize C5M5_Button2205	Man, we're like fightin' zombie machines and shit.	player\survivor\voice\mechanic\world416.wav
vocalize C6M1Intro_01a	Thanks! Yeah, she's purty purty. Any chance you could lower the bridge for us?	player\survivor\voice\mechanic\dlc1_c6m1_initialmeeting01.wav
vocalize C6M1Intro_01c	Oh, come on, man!	player\survivor\voice\mechanic\dlc1_c6m1_initialmeeting02.wav
vocalize C6M1Intro_02a	No, sir! Just borrowin' the car! Any chance you could lower that bridge?	player\survivor\voice\mechanic\dlc1_c6m1_initialmeeting04.wav
vocalize C6M1Intro_11a	Thanks, thanks, yeah. Hey, could you lower the bridge so we can get across? We're heading over to New Orleans.	player\survivor\voice\mechanic\dlc1_c6m1_initialmeeting09.wav
vocalize C6M1Intro_11c	Okay, thanks. Wish us luck.	player\survivor\voice\mechanic\dlc1_c6m1_initialmeeting10.wav
vocalize C6M1Intro_12b	She is so beautiful, she is so beautiful.	player\survivor\voice\mechanic\dlc1_c6m1_initialmeeting13.wav
vocalize C6M1Intro_13a	Well hello! Hello... Howdy. Beautiful weather, huh... we're havin'... Oh god, I'm too nervous to talk to her, one of you better do this.	player\survivor\voice\mechanic\dlc1_c6m1_initialmeeting16.wav
vocalize C6M1Intro_13c	Nah, I can't. Look at her, she's an angel.	player\survivor\voice\mechanic\dlc1_c6m1_initialmeeting15.wav
vocalize C6M1Intro_13f	COACH, come on, man!	player\survivor\voice\mechanic\dlc1_c6m1_initialmeeting17.wav
vocalize C6M1Intro_23b	Oh, do we uh... need to know some sort of password or something?	player\survivor\voice\mechanic\dlc1_c6m1_initialmeeting22.wav
vocalize C6M1Intro_23d	Well, I guess we'll take it. See ya!	player\survivor\voice\mechanic\dlc1_c6m1_initialmeeting23.wav
vocalize C6M1Intro_24c	So you can go ahead and lower that bridge for us then?	player\survivor\voice\mechanic\dlc1_c6m1_initialmeeting19.wav
vocalize C6M1Intro_24e	Ahh I gotcha and that's what y'all need help with. All right, okay, I don't like it. But okay.	player\survivor\voice\mechanic\dlc1_c6m1_initialmeeting20.wav
vocalize C6M2_OpenGate1b	Hey!	player\survivor\voice\mechanic\dlc1_c6m2_bridge2raise08.wav
vocalize DLC1_C6M2_SafeRoomConvo02a	Nick, for the last time, I am NOT leaving it behind.	player\survivor\voice\mechanic\dlc1_c6m2_saferoomconvo01.wav
vocalize DLC1_C6M2_SafeRoomConvo03b	JUST A CAR!?!? JUST A CAR!?!?! That's like saying the Mona Lisa's just a sculpture, or shit, that's like sayin' Jimmy Gibb's just a driver. That's like saying that girl on the bridge is just a little pretty, she's an angel. Shit, that's like, that's like, shit I don't know THAT'S JIMMY GIBBS' CAR!	player\survivor\voice\mechanic\dlc1_c6m2_saferoomconvo03.wav
vocalize DLC1_C6M2_SafeRoomConvo11a	Yeah, I was just thinkin' of her too, Nick. Oh, she is beautiful.	player\survivor\voice\mechanic\dlc1_c6m2_saferoomconvo07.wav
vocalize DLC1_C6M2_SafeRoomConvo14b	Get outta here! All right!	player\survivor\voice\mechanic\dlc1_c6m2_saferoomconvo08.wav
vocalize DLC1_C6M2_SafeRoomConvo16b	Yeah, yeah, that's not going to happen.	player\survivor\voice\mechanic\dlc1_c6m2_saferoomconvo11.wav
vocalize DLC1_C6M2_SafeRoomConvo16b1	Yeah, yeah, that's not going to happen.	player\survivor\voice\mechanic\dlc1_c6m2_saferoomconvo11.wav
vocalize DLC1_C6M2_SafeRoomConvo16d	Okay, Ro. Whatever you say.	player\survivor\voice\mechanic\dlc1_c6m2_saferoomconvo12.wav
vocalize DLC1_C6M2_SafeRoomConvo16f	Okay, Coach. Whatever you say.	player\survivor\voice\mechanic\dlc1_c6m2_saferoomconvo13.wav
vocalize DLC1_C6M2_SafeRoomConvo17a	Ro, that car's family now. Hell, that biker fella's an awesome dude, but we ain't tradin' him for Nick.	player\survivor\voice\mechanic\dlc1_c6m2_saferoomconvo14.wav
vocalize DLC1_C6M2_SafeRoomConvo18b	Oh, Ro, man, that reminds me of this...	player\survivor\voice\mechanic\dlc1_c6m2_saferoomconvo16.wav
vocalize DLC1_C6M2_SafeRoomConvo19a	Yeah. It's been hell, all right.	player\survivor\voice\mechanic\dlc1_c6m2_saferoomconvo17.wav
vocalize DLC1_C6M2_SafeRoomConvo19c	Not if we get that bridge down. We'll be drivin' the Jimmy Gibbs Junior all the way to New Orleans!	player\survivor\voice\mechanic\dlc1_c6m2_saferoomconvo18.wav
vocalize DLC1_C6M2_SafeRoomConvo19e	Well, maybe if we find a nice open stretch, we slow down, and you can jog right alongside. Like in that boxing movie!	player\survivor\voice\mechanic\dlc1_c6m2_saferoomconvo19.wav
vocalize DLC1_C6M2_SafeRoomConvo21b	Yeah, no, I seen my share of horror movies.	player\survivor\voice\mechanic\dlc1_c6m2_saferoomconvo23.wav
vocalize DLC1_C6M3_SafeRoomConvo01c	Hey, man, I saw how you two were looking at each other.	player\survivor\voice\mechanic\dlc1_c6m3_saferoomconvo02.wav
vocalize EllisStoryReac01	Okay.	player\survivor\voice\mechanic\ellisstoriesinterrupt05.wav
vocalize InfoRemC3M2Bathtub2	Have you smelled yourself recently?	player\survivor\voice\mechanic\worldc3m174.wav
vocalize InfoRemC3M3Bodies2	So they just killed them?	player\survivor\voice\mechanic\worldc3m310.wav
vocalize Player.CoverMeC1R	Okay, okay, I see what you're doin' there.	player\survivor\voice\mechanic\covermec1r02.wav
vocalize Player.CoverMeC1RCoach1	Oh, now, Coach, you like you've done this before.	player\survivor\voice\mechanic\covermec1rcoach01.wav
vocalize Player.GooedBySpitterC1R	Ahh great, now their spittin' shit at us.	player\survivor\voice\mechanic\gooedbyspitterc1r01.wav
vocalize Player.WarnHunterC1P	Hunter it is then!	player\survivor\voice\mechanic\warnhunterc1p02.wav
vocalize PlayerSuggestHealthCoach	Coach, now don't forget none about healin'.	player\survivor\voice\mechanic\suggesthealthcoach06.wav
vocalize PlayerSuggestHealthGambler	Excuse me, Nick, but you might wanna heal.	player\survivor\voice\mechanic\suggesthealthnick01.wav
vocalize PlayerSuggestHealthProducer	Rochelle, you ought to heal now.	player\survivor\voice\mechanic\suggesthealthrochelle03.wav
vocalize RemWorldC6M1_WeddingWarn02	Ain't seen none, Coach, but I'll yell if I do.	player\survivor\voice\mechanic\dlc1_c6m1_wedding01.wav
vocalize SurvivorWasPounced	Hey Hunter's on Nick!	player\survivor\voice\mechanic\hunternickpounced02.wav
vocalize WeddingWitchDead04	Whole thing makes me uncomfortable.	player\survivor\voice\mechanic\dlc1_c6m1_weddingwitchdead02.wav
vocalize WorldC3M1FeedGator2	I had no plans on feeding the gators.	player\survivor\voice\mechanic\worldc3m182.wav
vocalize WorldC3M1FerryCrossingA01	Oh yeah, I know plenty about swamps. They're full of bugs and gators and snakes and, well, zombies now!	player\survivor\voice\mechanic\worldc3m140.wav
vocalize WorldC3M1FerryCrossingB01	Oh this here?  That says I'm a bad ass zombie killing machine	player\survivor\voice\mechanic\worldc3m145.wav
vocalize WorldC3M1FerryCrossingD03	The way were shootin'?  Each other.	player\survivor\voice\mechanic\worldc3m141.wav
vocalize WorldC3M1FerryCrossingE02	Duh?  Farmers that don't grow crops, they grow people.  To eat.	player\survivor\voice\mechanic\worldc3m143.wav
vocalize WorldC3M1FerryCrossingE04	Yeah, well, you'll be real sorry if we run into them.	player\survivor\voice\mechanic\worldc3m144.wav
vocalize WorldC3M1FerryCrossingG02	Yeah? I'm walking through that valley kickin' some ass.	player\survivor\voice\mechanic\worldc3m151.wav
vocalize WorldC3M1FerryCrossingI02	Oh yeah, when I had first holy communion in the second grade.	player\survivor\voice\mechanic\worldc3m158.wav
vocalize WorldC3M1FerryCrossingJ3	I knew it. All this runnin' around climbin' up on stuff's makin' me buff as hell.	player\survivor\voice\mechanic\worldc3m1b09.wav
vocalize WorldC3M1FerryCrossingk3	They figured out how to stop going to the bathroom? That's AMAZING. Ohhhh. No, wait, I just got it. Shit, that's gross as hell.	player\survivor\voice\mechanic\worldc3m1b12.wav
vocalize WorldC502AlarmStopped	Whew, it's off all right!	player\survivor\voice\mechanic\world138.wav
vocalize WorldC502BusStory2b	Okay. But I do love goin' on bus rides.	player\survivor\voice\mechanic\world145.wav
vocalize WorldC502BusStory2c	Man, y'all shoulda came it was fun.	player\survivor\voice\mechanic\world143.wav
vocalize WorldC502Horse3	Horses are for ridin' not eatin', Nick.	player\survivor\voice\mechanic\world122.wav
vocalize WorldC502NotZombies2	People shootin' people, that shit ain't right, man.	player\survivor\voice\mechanic\world204.wav
vocalize WorldC502Smell2	I don't know.  I kinda like that smell.	player\survivor\voice\mechanic\world110.wav
vocalize WorldC502SmellBath2	I wouldn't say that.  I think it smells kinda nice.	player\survivor\voice\mechanic\world111.wav
vocalize WorldC6M1_WeddingWarn03a	Shut up Nick.	player\survivor\voice\mechanic\dlc1_c6m1_weddingwitch01.wav
vocalize WorldC6M2_FinalWater01b	Well, I still like you Nick.	player\survivor\voice\mechanic\dlc1_c6m2_finalwater03.wav
vocalize WorldC6M2_InSewer101a	Don't smell like it.	player\survivor\voice\mechanic\dlc1_c6m2_phase2inwater01.wav
vocalize WorldC6M2_OnTourWalk102b	Nick! We all see this tour's got some problems, no sense picking on Coach.	player\survivor\voice\mechanic\dlc1_c6m2_historictour01.wav
vocalize WorldIntroC31a2	True. True. He was a zombie. But he was also the only pilot.	player\survivor\voice\mechanic\worldc3m1b03.wav
vocalize WorldIntroC31c1	OOOH man, that was some crazy shit. Nick, you are a man of action! ... Where the hell are we?	player\survivor\voice\mechanic\worldc3m1b04.wav
vocalize WorldIntroC31d2	Guess our crash was so soft cause we landed in the...	player\survivor\voice\mechanic\worldc3m1b06.wav
vocalize WorldIntroC31e2a	Well, that ain't very friendly.	player\survivor\voice\mechanic\worldc3m101.wav
vocalize WorldSignC5AlarmWillSound3	But we should stick together right?	player\survivor\voice\mechanic\world123.wav
vocalize WorldSignC5AlarmWillSound3d	Okay, okay I get it.	player\survivor\voice\mechanic\world126.wav
vocalize WorldSignPhotography2	What in the hell is a picture gonna do?	player\survivor\voice\mechanic\worldsigns01.wav
vocalize WorldSignReportSick2	Report the sick?	player\survivor\voice\mechanic\worldsigns02.wav